Country Name,Indicator Name,2000,2001,2002,2003,2004,2005,2006,2007,2008,2009,2010,2011,2012,2013,2014,2015,2016,2017,2018,2019,2020
Africa Eastern and Southern,"Population, female",200985544,206249128,211655114,217219737,222965267,228908107,235056143,241410391,247972024,254736483,261702432,268866603,276231936,283785702,291513480,299403888,307452123,315655751,324003969,332485163,341090736
Africa Eastern and Southern,"Population, male",197127500,202273001,207568603,213026898,218664882,224495969,230525229,236756520,243201136,249868189,256765797,263893821,271250927,278815876,286561893,294467959,302526823,310737129,319086162,327561109,336152563
Africa Western and Central,"Population, female",133462296,137042841,140713935,144490048,148390233,152428247,156610597,160934220,165391199,169968863,174658066,179456229,184366749,189393102,194540936,199813894,205213033,210735530,216376208,222127882,227985427
Africa Western and Central,"Population, male",133752248,137391053,141128545,144979482,148962865,153092341,157374877,161807436,166381131,171081674,175898820,180829210,185876268,191044794,196342043,201772757,207338266,213034400,218853173,224783716,230818049
Arab World,"Population, female",138369759,141291510,144229745,147220575,150310846,153533815,156899292,160396838,164016302,167730225,171518007,175384870,179326140,183297548,187242559,191123779,194912155,198619733,202328788,206119753,210055400
Arab World,"Population, male",143974382,147140643,150435457,153893294,157552000,161431961,165553472,169893914,174379634,178898954,183372090,187771976,192111502,196398929,200657276,204904522,209130737,213323092,217523201,221750520,226025328
Caribbean small states,"Population, female",3220485,3243493,3267294,3291553,3315744,3339433,3362569,3385282,3407879,3430757,3454274,3478492,3503211,3528134,3552848,3576969,3600422,3623204,3645305,3666800,3687636
Caribbean small states,"Population, male",3179268,3201331,3222664,3243577,3264531,3285792,3307502,3329546,3352087,3375242,3399031,3423521,3448594,3473834,3498728,3522849,3546027,3568256,3589560,3609947,3629472
Central Europe and the Baltics,"Population, female",55949119,55570144,55236846,55088854,54959586,54826957,54700453,54506222,54315700,54209377,54004628,53861514,53718055,53581251,53447753,53307441,53158783,53019188,52910281,52834692,52714426
Central Europe and the Baltics,"Population, male",52498705,52089897,51722905,51535313,51372130,51214954,51072028,50872526,50686183,50591098,50416819,50312524,50217263,50132475,50048426,49950445,49835495,49720890,49628170,49563802,49457925
Early-demographic dividend,"Population, female",1212308413,1233744966,1254938500,1275981552,1297025477,1318171360,1339450802,1360848268,1382327531,1403833510,1425370720,1446916732,1468227133,1489472543,1510638086,1531698598,1552614909,1573372957,1594049611,1614705840,1635355364
Early-demographic dividend,"Population, male",1260544403,1282917219,1305162948,1327319210,1349458128,1371620646,1393828055,1416074237,1438309076,1460465304,1482546227,1504506956,1526119805,1547611615,1569047495,1590458235,1611824840,1633112666,1654363982,1675585189,1696748197
East Asia & Pacific,"Population, female",1009397969,1018397650,1026863908,1034866385,1042552998,1050124224,1057621022,1064821279,1072175432,1079387947,1086631480,1094391249,1103237031,1112080820,1120757122,1129081837,1137258909,1145535218,1152831495,1159312971,1164640503
East Asia & Pacific,"Population, male",1038037268,1047307070,1056112984,1064525656,1072694589,1080811633,1088912833,1096755380,1104736526,1112465681,1120048242,1127981739,1136870478,1145617575,1154111701,1162213721,1170157756,1178187656,1185159536,1191234766,1196063796
East Asia & Pacific (excluding high income),"Population, female",892916011,901206143,909065440,916559141,923817715,931006562,937967542,944670533,951343241,958031533,964791930,972160076,980570336,989024716,997277264,1005169744,1012949459,1020904525,1027886472,1034068577,1039345328
East Asia & Pacific (excluding high income),"Population, male",923421827,932097452,940421049,948450913,956307166,964144102,971798948,979223006,986590050,993862501,1001039430,1008657223,1017191452,1025631103,1033784696,1041535931,1049158151,1056941310,1063668477,1069510740,1074349242
East Asia & Pacific (IDA & IBRD),"Population, female",881164661,889352333,897109200,904503061,911668258,918772739,925659172,932295857,938907847,945537225,952237708,959544097,967891346,976281867,984470648,992300162,1000017639,1007910977,1014832194,1020955181,1026174892
East Asia & Pacific (IDA & IBRD),"Population, male",912244099,920818280,929037836,936964559,944723883,952473758,960052452,967409352,974715301,981928469,989044812,996599810,1005069804,1013444452,1021533519,1029221681,1036782306,1044505042,1051173149,1056957978,1061740863
Euro area,"Population, female",164860643,165438288,166178393,167009401,167867357,168690331,169451541,170319922,171152443,171711722,172117073,171743939,172120855,172699612,173270760,173749423,174187217,174474165,174763955,174820234,174951542
Euro area,"Population, male",156450146,157109586,157946946,158876556,159815156,160690086,161471244,162325240,163122282,163649169,164034409,163675717,164038344,164602499,165191474,165738959,166294538,166743078,167215216,167463120,167756813
Europe & Central Asia,"Population, female",444130406,444664251,445444693,446587801,447897390,449242978,450619388,452232578,454096042,455897349,457626052,458703977,460471215,462552549,464655237,466723082,468708054,470424222,471973283,473206187,474225863
Europe & Central Asia,"Population, male",415070522,415600750,416381890,417513082,418791550,420089513,421396240,422910038,424662361,426381722,428092152,429230697,431067039,433242630,435491701,437750892,439976962,441984391,443850987,445401353,446714153
Europe & Central Asia (excluding high income),"Population, female",203309734,203231241,203130856,203287629,203547659,203829953,204174397,204590210,205239699,206114547,207163804,208285539,209403167,210636329,211863236,213121263,214327404,215435099,216402980,217303048,217972716
Europe & Central Asia (excluding high income),"Population, male",186568427,186374929,186146901,186154533,186258677,186393060,186595064,186870110,187385108,188145617,189120678,190209970,191324685,192580111,193854830,195164186,196433516,197620098,198680008,199665822,200423023
Europe & Central Asia (IDA & IBRD),"Population, female",225312167,225150947,225052955,225207101,225465897,225751468,226092595,226505200,227163383,228052446,229039751,230159219,231261033,232465303,233658524,234878251,236057211,237140947,238091291,238976906,239604635
Europe & Central Asia (IDA & IBRD),"Population, male",207292925,207002941,206757340,206743030,206827261,206947135,207129292,207385897,207896888,208664502,209582952,210680167,211797541,213047022,214309666,215597214,216848145,218013607,219054290,220022692,220737854
European Union,"Population, female",220316701,220571383,221028269,221760299,222544119,223297589,224000989,224743272,225460995,225990908,226293768,225875226,226182177,226699908,227220503,227650560,228051160,228313071,228584066,228628529,228683985
European Union,"Population, male",209011921,209324245,209853678,210655633,211496125,212284360,212997056,213725125,214415679,214926893,215238647,214871763,215213760,215769561,216356172,216893201,217436570,217873273,218331047,218569282,218795508
Fragile and conflict affected situations,"Population, female",286089586,293268922,300732727,308449230,316365183,324439465,332660096,341040366,349633805,358408768,367333837,376474425,385816796,395300093,404845280,414405979,423939238,433481218,443194766,453270846,463837998
Fragile and conflict affected situations,"Population, male",284454185,291729401,299351736,307252706,315325892,323493955,331728862,340061535,348582769,357316883,366271795,375526359,385051201,394757336,404523604,414273323,423954103,433612624,443426601,453609292,464305189
Heavily indebted poor countries (HIPC),"Population, female",237184858,243907827,250894991,258117296,265526841,273091016,280803366,288684314,296759745,305066477,313631232,322458787,331541196,340876212,350457783,360278753,370341386,380639799,391147790,401831117,412664816
Heavily indebted poor countries (HIPC),"Population, male",234495945,241204843,248218617,255483926,262917797,270464298,278105880,285876005,293830664,302049124,310588064,319462586,328652723,338136792,347878880,357849655,368045691,378466319,389086663,399876902,410815222
High income,"Population, female",544791109,548148976,551583505,554917964,558397474,561924123,565734820,569724745,573992624,577781900,581203774,583625458,586824901,590104786,593472488,596705596,599874103,602606936,605112193,607295985,610072709
High income,"Population, male",529324275,532945026,536726096,540509785,544546371,548739246,553336768,558208883,563390610,568038647,572195493,575219667,578840507,582443333,586145080,589802410,593504724,596849892,599986672,602738805,605930085
IBRD only,"Population, female",1967142172,1989494995,2011414667,2033161078,2054730012,2076224448,2097501521,2118524056,2139707545,-2147483648,-2147483648,-2147483648,-2147483648,-2147483648,-2147483648,-2147483648,-2147483648,-2147483648,-2147483648,-2147483648,-2147483648
IBRD only,"Population, male",2019971135,2043245311,2066145565,2088903008,2111491959,2134001311,-2147483648,-2147483648,-2147483648,-2147483648,-2147483648,-2147483648,-2147483648,-2147483648,-2147483648,-2147483648,-2147483648,-2147483648,-2147483648,-2147483648,-2147483648
IDA blend,"Population, female",177557924,181834253,186133286,190483561,194934802,199521097,204259272,209161387,214216416,219394927,224835098,230359556,235807878,241364771,247032207,252796507,258645274,264567010,270574126,276675894,282852973
IDA blend,"Population, male",182545821,186916750,191309013,195756224,200314940,205024056,209902550,214960436,220182387,225532772,231143602,236837217,242456484,248188787,254042891,260009557,266077999,272233475,278482055,284824227,291234174
IDA only,"Population, female",358505302,367414281,376485057,385727365,395147490,404741143,414523807,424490231,434605186,444823602,455106236,465439194,475862668,486437905,497245743,508353763,519772871,531487448,543509398,555840733,568465700
IDA only,"Population, male",357730158,366582323,375674795,384962484,394371842,403843091,413376290,422991194,432687778,442472902,452348242,462308791,472389608,482662867,493218713,504131123,515414689,527053934,539057333,551420579,564120771
IDA total,"Population, female",536063226,549248534,562618343,576210926,590082292,604262240,618783079,633651618,648821602,664218529,679941334,695798750,711670546,727802676,744277950,761150270,778418145,796054458,814083524,832516627,851318673
IDA total,"Population, male",540275979,553499073,566983808,580718708,594686782,608867147,623278840,637951630,652870165,668005674,683491844,699146008,714846092,730851654,747261604,764140680,781492688,799287409,817539388,836244806,855354945
Late-demographic dividend,"Population, female",1013912518,1021205715,1028021886,1034639728,1041135209,1047615452,1053953217,1060083831,1066346176,1072697706,1078901452,1085686046,1093456116,1101336379,1109043440,1116400021,1123696094,1131149513,1137484813,1142929214,1147177364
Late-demographic dividend,"Population, male",1031204938,1038659795,1045706729,1052644192,1059586844,1066668595,1073774826,1080801653,1087981481,1095126629,1101911617,1109034496,1116955774,1124806760,1132401930,1139636236,1146831014,1154199076,1160389862,1165591626,1169485316
Latin America & Caribbean,"Population, female",263454770,267273968,271021164,274699554,278320450,281890057,285404461,288866623,292291995,295697100,299038346,302444148,305833180,309199855,312518518,315783568,318990471,322134722,325196640,328271450,331335264
Latin America & Caribbean,"Population, male",257192728,260748255,264221820,267627289,270990908,274328916,277642319,280928628,284190766,287427567,290585532,293783090,296947305,300078028,303159764,306193556,309175680,312100626,314953330,317822784,320689169
Latin America & Caribbean (excluding high income),"Population, female",238770852,242256074,245672374,249023281,252320402,255571097,258777473,261941845,265072109,268177722,271211845,274306424,277375325,280442613,283537109,286674034,289868532,293101426,296313124,299420872,302366378
Latin America & Caribbean (excluding high income),"Population, male",232965418,236204882,239366749,242464786,245524986,248564291,251589781,254598670,257586375,260544605,263416796,266322528,269185170,272038498,274926002,277873201,280898638,283978796,287047338,290011062,292804597
Latin America & Caribbean (IDA & IBRD),"Population, female",255428339,259219944,262941205,266596963,270200532,273760133,277275326,280746372,284182977,287597205,290942031,294358376,297754837,301124813,304455817,307737675,310967324,314145237,317270579,320342271,323359375
Latin America & Caribbean (IDA & IBRD),"Population, male",249379207,252913229,256364628,259749728,263098001,266428585,269746054,273045060,276322678,279572945,282738697,285949718,289123928,292260787,295357665,298411882,301421281,304384775,307303433,310177858,313008282
Least developed countries: UN classification,"Population, female",329316472,337709179,346303075,355069736,363967305,372969123,382064303,391273466,400639185,410220928,420061623,430173966,440546201,451166388,462013004,473068120,484330080,495798367,507456368,519283638,531264330
Least developed countries: UN classification,"Population, male",327705026,335995222,344554838,353309520,362149872,371002107,379843701,388716424,397689225,406861030,416306481,426044187,436060784,446359565,456935090,467780970,478900080,490290171,501930704,513793693,525854891
Low income,"Population, female",194940693,200470636,206196445,212119943,218238872,224546386,231058597,237765488,244602349,251482479,258348736,265176164,271997025,278882362,285934197,293229904,300783327,308581240,316639810,324971017,333577700
Low income,"Population, male",192147383,197725460,203556292,209605068,215816718,222148648,228601056,235181962,241865851,248622460,255434582,262290985,269208663,276234442,283433216,290855024,298506953,306383884,314507422,322899806,331571335
Lower middle income,"Population, female",1199157586,1220111692,1241035323,1261981226,1282994225,1304110194,1325352316,1346739535,1368286701,1390009923,1412048573,1434229983,1456355917,1478688265,1501071187,1523561385,1546086747,1568607139,1591113902,1613539076,1635876047
Lower middle income,"Population, male",1245939021,1267789147,1289644191,1311531412,1333463291,1355449042,1377509730,1399666598,1421919249,1444262792,1466826831,1489429956,1511887991,1534499131,1557177788,1580007872,1602935808,1625910403,1648917964,1671877791,1694764800
Middle East & North Africa,"Population, female",154373386,157226332,160064074,162938504,165918029,169047531,172343801,175792412,179367997,183043355,186737681,190470235,194243295,198030509,201801704,205536024,209205773,212814637,216428633,220102343,223868601
Middle East & North Africa,"Population, male",160953395,164070864,167298200,170670302,174225448,177982331,181958664,186136763,190455230,194840605,199180247,203472433,207725068,211938124,216122646,220285747,224410269,228484340,232545599,236607153,240673769
Middle East & North Africa (excluding high income),"Population, female",138220312,140668670,143117432,145594409,148134267,150761740,153489722,156312622,159216465,162168982,165149673,168155595,171192451,174257251,177348465,180465698,183598106,186740403,189932241,193192029,196537067
Middle East & North Africa (excluding high income),"Population, male",141059302,143580335,146146919,148749250,151368479,153993774,156619709,159260741,161952281,164731984,167628169,170657465,173805977,177033154,180281373,183509858,186695911,189848054,193022926,196265046,199610776
Middle East & North Africa (IDA & IBRD),"Population, female",136781700,139193016,141603799,144041777,146541525,149127690,151813108,154592200,157447574,160351857,163284482,166242635,169231781,172249084,175292766,178362335,181446771,184545542,187680703,190882896,194169576
Middle East & North Africa (IDA & IBRD),"Population, male",139575761,142058205,144585179,147146913,149724595,152307428,154889989,157486667,160129195,162860010,165707199,168687439,171786649,174964613,178163674,181343129,184480158,187588110,190705377,193888873,197174998
North America,"Population, female",158663618,160192946,161650783,162997017,164464473,165949320,167532001,169111332,170719760,172243085,173694200,174963503,176264967,177503656,178811262,180095091,181448935,182682431,183796369,184810643,186627018
North America,"Population, male",154184523,155796911,157334489,158754944,160281480,161811032,163419085,165008900,166621324,168157339,169637832,170959306,172326917,173639245,175012502,176346811,177732307,178984933,180106914,181120540,182911266
OECD members,"Population, female",611760216,616243667,620785521,625293668,629815600,634307597,638987803,643761095,648749539,653328884,657573426,660859050,664888214,669078094,673446552,677759304,682126445,686184842,690037396,693376995,697188809
OECD members,"Population, male",589076199,593544209,598070299,602560609,607056589,611513726,616146069,620853698,625773169,630305994,634537282,637864076,641919620,646146300,650588300,655028079,659575457,663863535,667960351,671529740,675494806
Other small states,"Population, female",10480926,10653018,10823004,10992544,11168438,11355968,11555509,11766256,11987073,12211173,12438537,12666421,12901346,13141161,13385287,13634104,13883518,14137436,14395696,14654761,14907128
Other small states,"Population, male",10408694,10595918,10787965,10997355,11244717,11543777,11900988,12308362,12744897,13175812,13581171,13949889,14293864,14620879,14946218,15281519,15625882,15977847,16330989,16672591,16988815
Pacific island small states,"Population, female",917466,927942,938094,948300,959093,970854,983833,997862,1012540,1027266,1041602,1055413,1068882,1082358,1096342,1111230,1127103,1143811,1161232,1179109,1197245
Pacific island small states,"Population, male",955400,966029,976292,986568,997376,1009036,1021804,1035515,1049845,1064145,1078062,1091428,1104444,1117499,1131146,1145766,1161494,1178152,1195598,1213558,1231801
Post-demographic dividend,"Population, female",521149394,523541460,526066158,528590071,531230779,533848355,536681847,539653296,542872805,545617238,548098673,549532222,551749265,554073630,556486254,558855385,561211140,563166944,564955596,566373424,568395529
Post-demographic dividend,"Population, male",499355480,501860337,504495533,507121644,509844412,512518348,515372992,518328634,521521330,524258999,526765163,528298229,530607192,533033909,535575988,538093679,540623048,542777219,544773224,546401004,548589348
Pre-demographic dividend,"Population, female",276039947,283872264,292059478,300559498,309303178,318243655,327365550,336697179,346286403,356200663,366485528,377158966,388197350,399553088,411157416,422959790,434944629,447123979,459507689,472115384,484961683
Pre-demographic dividend,"Population, male",274620053,282493819,290769280,299378602,308215481,317207971,326329507,335621683,345161231,355056855,365383252,376167932,387375912,398942936,410774143,422799582,434998944,447388399,459977401,472787364,485833988
Small states,"Population, female",14618877,14824453,15028392,15232397,15443275,15666255,15901911,16149400,16407492,16669196,16934413,17200326,17473439,17751653,18034477,18322303,18611043,18904451,19202233,19500670,19792009
Small states,"Population, male",14543362,14763278,14986921,15227500,15506624,15838605,16230294,16673423,17146829,17615199,18058264,18464838,18846902,19212212,19576092,19950134,20333403,20724255,21116147,21496096,21850088
South Asia,"Population, female",670070691,682535320,694956802,707313317,719580592,731738304,743777659,755691434,767464143,779079795,790528602,801799450,812841807,823808646,834687441,845488839,856242004,866921159,877506768,887944625,898262751
South Asia,"Population, male",720875374,734287675,747687242,761011106,774177254,787123242,799833027,812311741,824546672,836530392,848264325,859732708,870898645,881952899,892944581,903928228,914945422,925962005,936948250,947832144,958619651
South Asia (IDA & IBRD),"Population, female",670070691,682535320,694956802,707313317,719580592,731738304,743777659,755691434,767464143,779079795,790528602,801799450,812841807,823808646,834687441,845488839,856242004,866921159,877506768,887944625,898262751
South Asia (IDA & IBRD),"Population, male",720875374,734287675,747687242,761011106,774177254,787123242,799833027,812311741,824546672,836530392,848264325,859732708,870898645,881952899,892944581,903928228,914945422,925962005,936948250,947832144,958619651
Sub-Saharan Africa,"Population, female",334447840,343291969,352369049,361709785,371355500,381336354,391666740,402344611,413363223,424705346,436360498,448322832,460598685,473178804,486054416,499217782,512665156,526391281,540380177,554613045,569076163
Sub-Saharan Africa,"Population, male",330879748,339664054,348697148,358006380,367627747,377588310,387900106,398563956,409582267,420949863,432664617,444723031,457127195,469860670,482903936,496240716,509865089,523771529,537939335,552344825,566970612
Sub-Saharan Africa (excluding high income),"Population, female",334407133,343251188,352326968,361668179,371314107,381294900,391624651,402302610,413320620,424662884,436317045,448280601,460556035,473135295,486010139,499172436,512619152,526344678,540333098,554565527,569028203
Sub-Saharan Africa (excluding high income),"Population, male",330839324,339623633,348655506,357965205,367586665,377546906,387857595,398520924,409537914,420905027,432618300,444677821,457081542,469814230,482856854,496192643,509816416,523722289,537889652,552294718,566920110
Sub-Saharan Africa (IDA & IBRD),"Population, female",334447840,343291969,352369049,361709785,371355500,381336354,391666740,402344611,413363223,424705346,436360498,448322832,460598685,473178804,486054416,499217782,512665156,526391281,540380177,554613045,569076163
Sub-Saharan Africa (IDA & IBRD),"Population, male",330879748,339664054,348697148,358006380,367627747,377588310,387900106,398563956,409582267,420949863,432664617,444723031,457127195,469860670,482903936,496240716,509865089,523771529,537939335,552344825,566970612
Upper middle income,"Population, female",1083596454,1092566308,1101038104,1109344787,1117481645,1125545976,1133400531,1141004231,1148767227,1156743061,1164765590,1173581538,1183586179,1193734223,1203718270,1213300725,1222734583,1232258911,1240620971,1247984585,1254058696
Upper middle income,"Population, male",1097643268,1106654299,1115223883,1123659313,1131943218,1140167685,1148183338,1155936632,1163813300,1171834874,1179826285,1188536774,1198390817,1208316422,1218037332,1227341151,1236505293,1245778265,1253831265,1260801935,1266391264
Afghanistan,"Population, female",10090449,10489238,10958668,11466237,11962963,12414590,12809162,13161572,13496556,13850751,14249755,14702050,15196504,15715314,16232001,16727437,17196034,17644126,18078879,18512030,18952076
Afghanistan,"Population, male",10689508,11117754,11642106,12214634,12763726,13239684,13623896,13938970,14225725,14544055,14935756,15415361,15964874,16554278,17138803,17686166,18186994,18651985,19093043,19529727,19976265
Albania,"Population, female",1525873,1509233,1506138,1504374,1502239,1497383,1489229,1478257,1466219,1454862,1445588,1438949,1433116,1426832,1420670,1414246,1410814,1409327,1406333,1401011,1393469
Albania,"Population, male",1563154,1550940,1544872,1535242,1524700,1514104,1503318,1491760,1481095,1472657,1467433,1466246,1467285,1468260,1468434,1466457,1465287,1464130,1460043,1453180,1444380
Algeria,"Population, female",15311139,15516424,15721105,15930173,16149500,16383693,16634748,16903082,17189426,17493858,17816091,18155827,18512336,18884019,19268759,19664129,20069497,20482418,20896422,21303388,21697235
Algeria,"Population, male",15731099,15935089,16134005,16333986,16542653,16766027,17006259,17263894,17541178,17840024,18161360,18505611,18871563,19256116,19654929,20063891,20481901,20906756,21331993,21749666,22153808
Angola,"Population, female",8240458,8521795,8814755,9122235,9447886,9794134,10162225,10551020,10957506,11377265,11806970,12245836,12694373,13151985,13618285,14093136,14576127,15067450,15568328,16080520,16605398
Angola,"Population, male",8155019,8423958,8704663,8999242,9310252,9639470,9987680,10354340,10738130,11137010,11549277,11974824,12413552,12863801,13323488,13791244,14266355,14749319,15241459,15744779,16260870
Antigua and Barbuda,"Population, female",40297,40924,41444,41886,42338,42832,43401,44012,44663,45299,45912,46487,47034,47559,48060,48543,49002,49439,49863,50264,50659
Antigua and Barbuda,"Population, male",35710,36288,36854,37425,38009,38630,39314,40017,40731,41444,42118,42763,43373,43951,44502,45028,45518,45986,46419,46851,47269
Argentina,"Population, female",18976071,19185008,19390957,19594321,19795649,19995559,20193900,20391134,20589210,20790604,20941910,21178884,21415097,21650186,21883730,22115261,22344847,22572521,22797803,23020216,23239321
Argentina,"Population, male",17894725,18090636,18290786,18493545,18696321,18897365,19095976,19293169,19490949,19692182,19846543,20082606,20318174,20552749,20785770,21016705,21245521,21472290,21696699,21918496,22137442
Armenia,"Population, female",1628677,1618693,1609123,1599617,1589758,1579392,1568085,1556118,1544816,1536021,1530963,1530148,1532984,1538334,1544503,1550226,1555133,1559427,1563141,1566459,1569487
Armenia,"Population, male",1440920,1431993,1424853,1418321,1410957,1401870,1390216,1376497,1362799,1352073,1346351,1346388,1351255,1359259,1367900,1375333,1381014,1385362,1388600,1391269,1393747
Aruba,"Population, female",47019,48249,49506,50706,51716,52454,52895,53086,53109,53112,53200,53402,53695,54050,54408,54742,55044,55328,55602,55867,56124
Aruba,"Population, male",43847,44643,45486,46310,47028,47574,47935,48140,48253,48340,48465,48648,48870,49115,49368,49597,49821,50033,50244,50443,50642
Australia,"Population, female",9598862,9727041,9846313,9969174,10085124,10216808,10363782,10422152,10626574,10843809,11013858,11172755,11378171,11586371,11770519,11948693,12141288,12349632,12541215,12733486,12898338
Australia,"Population, male",9554138,9685959,9805087,9926226,10042276,10177992,10334118,10405448,10622626,10847891,11017892,11167269,11355294,11541758,11705167,11867302,12049619,12252228,12441473,12632259,12794929
Austria,"Population, female",4123171,4136937,4156033,4175478,4200660,4228324,4247864,4259861,4271066,4279831,4287444,4299034,4315556,4337527,4367372,4411651,4453787,4478340,4493586,4507562,4521310
Austria,"Population, male",3888395,3905356,3925924,3945945,3971306,3999505,4020777,4035626,4050430,4063492,4075960,4092609,4114435,4142296,4178984,4231048,4282881,4319226,4346935,4372358,4395554
Azerbaijan,"Population, female",4113396,4140710,4165648,4190435,4220362,4257347,4298722,4342687,4430218,4518717,4568408,4624010,4681717,4738628,4794145,4847591,4898038,4942298,4981391,5020148,5051462
Azerbaijan,"Population, male",3935204,3970490,4006302,4043665,4086138,4134503,4185828,4238613,4333182,4428526,4485924,4549072,4614067,4678173,4740934,4801750,4859774,4911735,4958380,5004135,5041659
"Bahamas, The","Population, female",152870,155430,158124,160976,163970,167075,170333,173698,177029,180150,182929,185312,187327,189106,190815,192592,194446,196365,198313,200256,202155
"Bahamas, The","Population, male",145175,147188,149533,152147,154923,157773,160699,163689,166651,169450,172007,174271,176254,178056,179810,181608,183477,185384,187322,189230,191093
Bahrain,"Population, female",283385,294861,307145,320830,336655,355017,376356,400131,424602,447377,466813,482116,493912,503660,513533,525097,538855,554227,570464,586367,601109
Bahrain,"Population, male",381225,402689,427995,457878,493191,534140,582067,635793,690043,737698,774051,796037,806030,811369,822540,846756,886938,939850,998976,1054797,1100474
Bangladesh,"Population, female",62062864,63271242,64460652,65621300,66741555,67813911,68833643,69804543,70738452,71652503,72559741,73463440,74361840,75256812,76149165,77039130,77928241,78816353,79699596,80572382,81430275
Bangladesh,"Population, male",65594998,66817467,68017425,69170298,70244874,71221594,72087511,72855838,73565712,74272292,75015692,75809694,76643893,77504601,78368220,79217157,80048910,80869068,81677117,82473791,83259108
Barbados,"Population, female",141059,141594,142102,142595,143113,143674,144306,144981,145651,146253,146745,147110,147358,147525,147656,147779,147896,148006,148115,148208,148287
Barbados,"Population, male",130452,130900,131321,131736,132170,132646,133169,133720,134295,134854,135386,135877,136340,136769,137169,137548,137902,138223,138525,138813,139084
Belarus,"Population, female",5294875,5270698,5241939,5211247,5181953,5152390,5126055,5107216,5093492,5083923,5074695,5063427,5054917,5051647,5053021,5058590,5062381,5056547,5045602,5035043,5012881
Belarus,"Population, male",4684735,4657851,4623609,4585502,4548193,4511525,4478869,4453737,4434493,4420660,4409141,4398216,4391919,4391564,4395494,4402486,4406998,4402442,4393183,4384715,4367071
Belgium,"Population, female",5231510,5248012,5269639,5289562,5310399,5337874,5371633,5409818,5451570,5494816,5544815,5617613,5653189,5679989,5703536,5732314,5753945,5766141,5781326,5802420,5822396
Belgium,"Population, male",5019740,5038558,5063146,5086571,5110738,5140743,5176325,5215882,5258403,5301677,5350771,5420651,5453743,5479418,5505521,5541882,5577477,5609017,5645728,5686560,5721845
Belize,"Population, female",122794,126663,130322,133849,137430,141136,145011,148995,153039,157107,161137,165121,169084,173008,176919,180791,184647,188479,192273,196070,199860
Belize,"Population, male",124516,128405,132065,135579,139086,142662,146327,150036,153783,157548,161328,165115,168917,172699,176447,180135,183752,187296,190798,194281,197761
Benin,"Population, female",3483088,3585778,3691953,3801242,3913010,4026821,4142660,4260764,4381293,4504448,4630420,4759222,4890899,5025698,5163932,5305830,5451503,5600895,5753796,5909895,6068950
Benin,"Population, male",3382858,3490950,3603447,3719314,3836993,3955402,4074233,4194026,4315622,4440265,4568834,4701607,4838355,4978896,5122907,5270132,5420569,5574297,5731239,5891256,6054248
Bhutan,"Population, female",288731,293644,297894,301621,305108,308582,312011,315351,318644,321991,325419,328979,332656,336413,340164,343867,347496,351064,354586,358062,361525
Bhutan,"Population, male",302283,309999,318131,326219,333701,340162,345393,349522,352967,356338,360083,364318,368926,373822,378889,384018,389210,394499,399810,405032,410087
Bolivia,"Population, female",4183450,4263569,4343643,4423766,4504108,4584778,4665756,4746982,4828485,4910315,4992487,5075025,5157863,5240835,5323698,5406288,5488505,5570366,5651979,5733491,5815010
Bolivia,"Population, male",4234820,4316675,4399179,4482054,4564936,4647523,4729693,4811456,4892972,4974475,5056110,5137926,5219814,5301540,5382819,5463444,5543317,5622487,5701161,5779611,5858019
Bosnia and Herzegovina,"Population, female",1909565,1911254,1912945,1914271,1915273,1915817,1915826,1914514,1910269,1901145,1885941,1863814,1835725,1804557,1774341,1748019,1726540,1709262,1695554,1684199,1674206
Bosnia and Herzegovina,"Population, male",1841611,1844260,1846444,1847908,1848921,1849515,1849596,1848277,1843992,1834800,1819537,1797359,1769247,1738041,1707765,1681343,1659723,1642272,1628375,1616799,1606609
Botswana,"Population, female",847900,863288,878119,892835,908062,924207,941550,959935,978824,997437,1015242,1031977,1047927,1063856,1080798,1099500,1120211,1142607,1166046,1189587,1212526
Botswana,"Population, male",795433,811386,826518,841552,857471,874870,894361,915523,936812,956058,971864,983429,991624,998695,1007821,1021216,1039714,1062469,1088021,1114116,1139099
Brazil,"Population, female",88208705,89459431,90679052,91864663,93013715,94125016,95196581,96229936,97231896,98211956,99177368,100129355,101066961,101992473,102907992,103814243,104712864,105601737,106473081,107316359,108123626
Brazil,"Population, male",86581634,87736620,88858471,89944581,90992764,92002092,92970772,93900509,94798466,95674549,96536269,97385186,98220331,99043431,99855752,100657516,101450192,102232088,102996239,103733160,104435783
Brunei Darussalam,"Population, female",164416,168022,171179,173952,176429,178683,180728,182568,184299,186047,187915,189944,192127,194417,196756,199086,201415,203753,206056,208314,210496
Brunei Darussalam,"Population, male",168750,172015,175598,179343,183005,186429,189534,192399,195119,197855,200719,203743,206870,209997,213022,215828,218376,220728,222904,224982,226987
Bulgaria,"Population, female",4188546,4108086,4021456,3990835,3961457,3931942,3901938,3872722,3844865,3819570,3794289,3770298,3749213,3729310,3709343,3686934,3662344,3636886,3611859,3587537,3566901
Bulgaria,"Population, male",3981626,3901056,3815705,3784492,3755403,3727030,3699084,3672616,3647696,3624873,3601310,3578030,3556675,3535805,3514595,3491057,3465478,3439061,3413178,3388224,3367114
Burkina Faso,"Population, female",5906289,6073090,6245192,6423210,6607939,6799932,6999445,7206343,7420314,7640862,7867592,8100461,8339523,8584578,8835398,9091844,9353835,9621388,9894592,10173609,10458565
Burkina Faso,"Population, male",5701662,5871499,6047905,6231414,6422637,6622003,6829728,7045686,7269411,7500236,7737619,7981454,8231729,8488213,8750631,9018772,9292515,9571848,9856874,10147774,10444713
Burundi,"Population, female",3246943,3318648,3406889,3508789,3619552,3735550,3856333,3982782,4114011,4249199,4387755,4528952,4672691,4819833,4971727,5129299,5292745,5461514,5634849,5811589,5990917
Burundi,"Population, male",3131928,3206898,3297229,3400372,3512136,3629307,3751517,3879444,4012093,4148462,4287851,4429454,4573301,4720469,4872574,5030735,5195257,5365496,5540530,5718988,5899864
Cabo Verde,"Population, female",222169,225856,229315,232491,235318,237746,239751,241392,242887,244546,246578,249091,251994,255181,258457,261670,264791,267873,270898,273900,276871
Cabo Verde,"Population, male",206009,209845,213640,217434,221301,225288,229420,233675,237959,242121,246066,249767,253247,256559,259819,263070,266349,269626,272866,276036,279117
Cambodia,"Population, female",6247771,6378244,6500497,6615661,6725421,6831350,6933488,7032430,7131010,7232757,7340155,7454416,7574842,7699564,7825697,7950994,8074999,8198027,8319567,8439178,8556547
Cambodia,"Population, male",5907470,6027167,6137222,6240510,6341054,6442005,6544217,6647523,6752825,6860848,6972050,7087005,7205612,7326766,7448809,7570441,7691291,7811386,7930228,8047364,8162424
Cameroon,"Population, female",7791677,7998955,8212674,8433249,8661010,8896229,9139126,9389810,9648222,9914162,10187444,10468054,10755870,11050423,11351123,11657496,11969336,12286573,12609010,12936459,13268789
Cameroon,"Population, male",7722267,7929955,8144931,8367620,8598312,8837179,9084551,9340473,9604452,9875760,10153792,10438338,10729397,11026877,11330730,11640880,11957213,12279497,12607251,12939928,13277075
Canada,"Population, female",15485188,15651822,15820650,15961652,16108836,16258927,16420787,16577534,16754826,16945066,17133868,17303497,17494958,17683847,17864828,17999309,18202997,18419735,18677663,18943318,19158588
Canada,"Population, male",15200542,15369080,15539429,15682376,15831819,15984826,16150387,16311491,16492292,16683829,16871021,17035831,17219264,17399107,17572607,17703599,17906490,18125501,18387421,18657912,18878616
Central African Republic,"Population, female",1845398,1886113,1925842,1964888,2003719,2042502,2081976,2121636,2159049,2190888,2215124,2230666,2239125,2244484,2252275,2266606,2288847,2318147,2353555,2393206,2435722
Central African Republic,"Population, male",1795023,1835903,1876287,1916297,1956164,1995878,2036099,2076368,2114319,2146735,2171641,2187973,2197286,2203461,2211896,2226565,2248836,2277876,2312820,2351973,2394042
Chad,"Population, female",4196724,4357454,4527646,4704628,4884658,5065134,5244842,5424702,5606877,5794635,5990241,6194441,6406230,6624061,6845615,7069237,7294423,7521758,7752004,7986360,8225689
Chad,"Population, male",4158930,4320595,4491580,4669285,4850103,5031496,5212280,5393329,5576712,5765507,5961893,6166545,6378518,6596372,6817947,7041734,7267235,7495003,7725723,7960522,8200170
Channel Islands,"Population, female",76142,76393,76555,76715,76956,77354,77938,78691,79518,80327,81036,81623,82104,82560,83062,83671,84408,85256,86150,87010,87789
Channel Islands,"Population, male",72297,72704,73036,73355,73766,74320,75061,75953,76923,77860,78682,79367,79947,80479,81045,81716,82514,83410,84346,85254,86070
Chile,"Population, female",7794185,7882066,7967282,8051012,8134816,8219838,8306863,8395791,8485911,8576060,8665530,8752531,8837489,8924483,9019145,9124556,9243814,9373183,9500750,9610261,9690540
Chile,"Population, male",7548165,7634046,7717131,7798637,7880156,7962875,8047644,8134410,8222344,8310124,8397001,8481053,8562870,8647028,8739824,8844800,8965258,9097252,9228416,9341774,9425669
China,"Population, female",614775825,619165993,623205125,626956157,630545489,634130240,637560457,640793072,644001246,647159372,650275748,653862696,658376480,662872951,667184667,671212022,675220615,679486853,682854786,685480283,687245874
China,"Population, male",647869175,652684007,657194875,661443843,665529511,669589760,673459543,677091928,680653754,684100628,687429252,691172304,695813520,700367049,704675333,708647978,712569385,716728147,719905214,722264717,723683488
Colombia,"Population, female",20202658,20525349,20842746,21153274,21455009,21746639,22029131,22303332,22567928,22821214,23063041,23288625,23500706,23715462,23954672,24231886,24556894,24919763,25290276,25626250,25898320
Colombia,"Population, male",19427307,19730607,20032617,20330598,20620944,20901092,21171770,21434180,21687044,21928840,22159658,22374122,22575015,22780030,23013034,23288781,23618154,23990081,24370780,24713193,24984564
Comoros,"Population, female",269505,276169,282854,289619,296524,303613,310902,318386,326070,333967,342069,350390,358914,367616,376437,385346,394323,403368,412488,421681,430942
Comoros,"Population, male",272853,279726,286626,293594,300706,308012,315525,323238,331157,339284,347627,356188,364951,373895,382953,392089,401274,410522,419834,429210,438653
"Congo, Dem. Rep.","Population, female",23746689,24403745,25121036,25893609,26710607,27564081,28454736,29386784,30359388,31371535,32422236,33510549,34635680,35796890,36993480,38224572,39489787,40787891,42116217,43471465,44851232
"Congo, Dem. Rep.","Population, male",23359141,24024789,24750634,25531974,26358262,27221813,28123310,29066903,30051807,31077037,32141617,33244602,34385069,35561914,36773965,38019960,39299343,40610874,41951875,43319103,44710172
"Congo, Rep.","Population, female",1584091,1628635,1674007,1721311,1772069,1827170,1887302,1951730,2018345,2084233,2147328,2206804,2263417,2318674,2374824,2433522,2495201,2559385,2625622,2693146,2761414
"Congo, Rep.","Population, male",1543329,1589295,1636369,1685604,1738399,1795605,1857841,1924393,1993142,2061167,2126410,2188038,2246780,2304083,2362141,2422571,2485795,2551316,2618741,2687358,2756678
Costa Rica,"Population, female",1973722,2009976,2043743,2075608,2106442,2136918,2167187,2197124,2226713,2255890,2284596,2312869,2340768,2368302,2395474,2422275,2448697,2474720,2500214,2525022,2549038
Costa Rica,"Population, male",1988647,2024098,2057179,2088445,2118714,2148586,2178234,2207502,2236410,2264849,2292775,2320217,2347235,2373809,2399916,2425530,2450639,2475235,2499229,2522539,2545076
Cote d'Ivoire,"Population, female",7975896,8183406,8382363,8576950,8773074,8975373,9185251,9402489,9628035,9862515,10106430,10360527,10625267,10900328,11185031,11478829,11781686,12093608,12414060,12742348,13077895
Cote d'Ivoire,"Population, male",8478764,8669621,8849176,9022663,9197419,9379140,9569663,9768761,9977533,10196632,10426514,10668125,10921921,11187178,11462641,11747319,12041040,12343867,12655166,12974206,13300380
Croatia,"Population, female",2317290,2230499,2231847,2232061,2232132,2234538,2234730,2233971,2233583,2231322,2226588,2219546,2213678,2208465,2200161,2182274,2166691,2139934,2119654,2106578,2096153
Croatia,"Population, male",2151012,2069143,2070327,2071338,2072468,2075607,2076429,2076246,2076122,2073859,2068839,2061076,2053880,2047224,2038228,2021330,2007658,1984597,1968189,1958675,1951527
Cuba,"Population, female",5579325,5599861,5617539,5631843,5642192,5648371,5649794,5647112,5642859,5640438,5642215,5649261,5660661,5674335,5687218,5697027,5703178,5706299,5706812,5705556,5703148
Cuba,"Population, male",5547098,5564815,5582125,5597342,5608177,5613215,5611447,5604005,5594116,5586273,5583618,5587410,5596451,5608387,5619691,5627750,5631930,5632956,5631334,5627928,5623468
Curacao,"Population, female",71010,68467,68530,69932,71178,73133,75259,77056,78357,79155,80376,81662,82412,83375,84504,85606,86480,86707,86194,85105,83687
Curacao,"Population, male",62850,60580,60675,61965,63014,64525,65980,67000,67523,67678,68327,69169,69676,70447,71405,72374,73184,73468,73142,72336,71260
Cyprus,"Population, female",467861,475702,483117,490494,498402,507183,517084,527828,538701,548672,557035,563479,568305,572061,575624,579592,584159,589134,594287,599277,603847
Cyprus,"Population, male",475427,484572,493851,503068,512008,520474,528424,535880,542867,549417,555582,561358,566741,571805,576673,581395,586030,590551,594975,599297,603514
Czech Republic,"Population, female",5266235,5246228,5236213,5234396,5234198,5237526,5245284,5267484,5302056,5324016,5333376,5340831,5346869,5348559,5354302,5364266,5373114,5385332,5400916,5419777,5430813
Czech Republic,"Population, male",4988828,4970377,4960703,4959602,4962903,4973690,4993621,5031344,5082547,5119920,5141034,5155257,5163916,5165713,5171045,5181793,5193218,5209106,5229012,5252093,5267045
Denmark,"Population, female",2697501,2706617,2714812,2721780,2728329,2735229,2743473,2754784,2770023,2783770,2794956,2805142,2814288,2824671,2837901,2857267,2879322,2897965,2912704,2923597,2932556
Denmark,"Population, male",2642115,2652166,2661119,2668794,2676194,2684203,2693799,2706654,2723598,2739325,2752727,2765430,2777284,2790261,2805574,2826216,2848688,2867015,2880932,2890825,2898848
Djibouti,"Population, female",356818,365248,373214,380252,385823,389622,391324,391252,390538,390778,393102,397940,404927,413398,422312,430881,438940,446703,454211,461610,469009
Djibouti,"Population, male",360759,367771,373733,379387,385776,393626,403230,414204,425823,437042,447092,455731,463209,469898,476395,483117,490177,497397,504712,511947,518993
Dominican Republic,"Population, female",4226670,4287804,4346856,4404718,4462660,4521595,4581822,4643110,4705133,4767298,4829193,4890693,4951906,5012859,5073656,5134308,5194798,5254937,5314402,5372759,5429698
Dominican Republic,"Population, male",4244647,4310795,4378118,4445599,4511784,4575667,4636859,4695746,4752946,4809438,4865924,4922526,4979010,5035367,5091526,5147367,5202940,5258174,5312745,5366198,5418206
Ecuador,"Population, female",6315964,6433427,6548517,6662346,6776510,6892161,7009987,7129752,7250590,7371185,7490761,7608327,7724581,7842413,7965751,8097063,8237882,8386318,8537161,8683170,8819233
Ecuador,"Population, male",6365159,6481233,6594948,6707332,6819880,6933678,7049392,7166802,7285150,7403227,7520353,7635558,7749518,7865060,7986081,8114959,8253234,8399038,8547198,8690487,8823827
"Egypt, Arab Rep.","Population, female",34181137,34828098,35475154,36122892,36772336,37425951,38080826,38741311,39425763,40158284,40955024,41822894,42753933,43730649,44727504,45724871,46717301,47706815,48690128,49665477,50631541
"Egypt, Arab Rep.","Population, male",34650424,35324564,36009890,36703210,37399737,38097625,38792844,39490813,40210318,40976505,41806220,42706357,43668307,44674003,45697164,46717678,47729770,48735775,49733474,50722599,51702862
El Salvador,"Population, female",3051738,3077036,3100543,3122538,3143437,3163573,3183092,3202064,3220666,3239061,3257398,3275742,3294183,3312806,3331687,3350892,3370447,3390314,3410312,3430197,3449777
El Salvador,"Population, male",2836192,2849965,2861596,2871537,2880364,2888551,2896303,2903746,2911101,2918617,2926479,2934825,2943739,2953270,2963437,2974229,2985690,2997810,3010428,3023353,3036424
Equatorial Guinea,"Population, female",291757,302531,313818,325703,338312,351730,365982,381027,396805,413231,430239,447795,465874,484414,503346,522589,542111,561894,581912,602159,622605
Equatorial Guinea,"Population, male",314423,329131,344570,360967,378637,397797,418512,440659,464034,488358,513401,539066,565317,591998,618927,645986,673070,700114,727054,753823,780380
Eritrea,"Population, female",1151345,1192142,1244879,1304366,1363325,1416324,1461749,1500626,1533460,1561642,1586365,1607405,0,0,0,0,0,0,0,0,0
Eritrea,"Population, male",1141068,1182579,1236180,1296606,1356484,1410329,1456460,1495914,1529322,1558278,1584072,1606564,0,0,0,0,0,0,0,0,0
Estonia,"Population, female",745418,740578,736352,732515,728900,725196,721037,717571,715266,713447,711411,708917,706072,703157,700674,700146,698980,698154,698776,699659,699630
Estonia,"Population, male",651567,647537,642998,638205,633650,629579,625773,623109,621824,621068,620064,618522,616624,614840,613871,615261,616810,619230,623201,627196,629849
Eswatini,"Population, female",521949,526809,530770,534202,537611,541344,545599,550271,554984,559229,562655,565141,566906,568304,569814,571808,574397,577530,581192,585343,589928
Eswatini,"Population, male",483483,486799,488284,488594,488676,489231,490496,492380,494964,498233,502186,506888,512379,518539,525208,532230,539597,547278,555082,562790,570236
Ethiopia,"Population, female",33205382,34174168,35166728,36182058,37217654,38272232,39345273,40439539,41560859,42716829,43912483,45150001,46426769,47737068,49072577,50426864,51797604,53185201,54589146,56009719,57446748
Ethiopia,"Population, male",33019427,33985254,34975362,35988523,37021854,38074078,39143932,40234804,41355377,42517094,43727479,44989927,46300213,47648725,49021687,50408589,51805857,53214725,54635264,56069008,57516835
Fiji,"Population, female",399035,400248,400580,400598,401094,402598,405414,409282,413666,417719,420873,422919,424107,424843,425740,427260,429493,432310,435565,438996,442426
Fiji,"Population, male",411976,413675,414677,415480,416770,419008,422455,426903,431690,435917,438943,440532,440958,440759,440707,441372,442913,445150,447925,450959,454018
Finland,"Population, female",2649364,2654110,2659222,2664209,2670583,2678373,2687312,2697418,2708636,2720215,2731215,2742371,2753865,2764999,2774944,2782702,2789446,2794857,2797516,2799598,2802648
Finland,"Population, male",2526845,2533898,2541376,2548805,2557589,2567723,2578956,2591302,2604763,2618656,2632137,2645901,2660106,2673973,2686568,2696829,2705857,2713357,2718009,2722008,2726895
France,"Population, female",31366712,31609073,31853822,32093648,32341282,32592276,32821949,33023327,33203347,33368664,33528500,33686256,33845372,34017119,34178119,34302345,34399175,34508584,34614021,34698686,34771320
France,"Population, male",29545788,29748359,29951444,30151232,30363619,30587080,30799427,30992900,31171632,31338371,31499005,31656533,31814442,31981566,32133948,32245927,32324929,32409436,32487909,32550240,32608588
French Polynesia,"Population, female",116864,119079,121178,123083,124753,126154,127261,128089,128747,129371,130049,130837,131705,132631,133562,134452,135302,136140,136961,137793,138643
French Polynesia,"Population, male",123817,125850,127798,129624,131242,132626,133746,134628,135317,135885,136400,136865,137290,137701,138151,138667,139274,139968,140712,141492,142261
Gabon,"Population, female",618056,632195,646740,661899,677959,695156,713412,732793,753750,776855,802430,830699,861328,893274,925129,955859,985073,1012977,1039899,1066386,1092874
Gabon,"Population, male",610303,625813,641570,658047,675829,695394,716732,739772,764788,792070,821716,853930,888349,923796,958672,991831,1022809,1051835,1079376,1106192,1132854
"Gambia, The","Population, female",661441,683177,705781,729073,752805,776828,801066,825627,850683,876500,903279,931060,959817,989462,1019942,1051160,1083106,1115804,1149215,1183332,1218124
"Gambia, The","Population, male",656267,676893,698482,720852,743719,766917,790378,814219,838605,863777,889920,917082,945203,974246,1004095,1034700,1066028,1098096,1130877,1164364,1198540
Georgia,"Population, female",2140305,2105580,2085160,2069787,2056012,2042359,2030613,2020311,2014643,1997132,1982528,1966089,1950656,1943649,1943635,1946270,1947584,1948480,1948659,1946307,1948482
Georgia,"Population, male",1936826,1908793,1893355,1881949,1871328,1860110,1849734,1839847,1833806,1817287,1804167,1790352,1778218,1774019,1775779,1779006,1779921,1779524,1777890,1773854,1774234
Germany,"Population, female",42176244,42217345,42260203,42256846,42221838,42172464,42099593,42017960,41912739,41781451,41692491,40903005,40956600,41043963,41187119,41511610,41808130,41919970,42000374,42053302,42052957
Germany,"Population, male",40035264,40132580,40228292,40277330,40294422,40296958,40276858,40248412,40197358,40120856,40084439,39371978,39469223,39601642,39795381,40175001,40540539,40737032,40905408,41039660,41107914
Ghana,"Population, female",9548140,9783588,10024594,10272585,10529202,10795452,11072180,11358621,11652113,11948891,12246228,12543077,12840075,13138221,13439246,13744367,14053716,14366665,14682873,15001772,15322946
Ghana,"Population, male",9730710,9973341,10221782,10477723,10743126,11019196,11306877,11605325,11911719,12222052,12533386,12844636,13156379,13469420,13785234,14104836,14428231,14754799,15084235,15416086,15749999
Greece,"Population, female",5434805,5465525,5488927,5506400,5525544,5548456,5573215,5596681,5621068,5644328,5657982,5653410,5624374,5583564,5545785,5508921,5486068,5475485,5464776,5459276,5448528
Greece,"Population, male",5371003,5396607,5413095,5421670,5429597,5438858,5447147,5451792,5456773,5462689,5463359,5451489,5420637,5381647,5346628,5311962,5289903,5279194,5268106,5262306,5252028
Grenada,"Population, female",51694,51830,51948,52037,52107,52165,52206,52236,52288,52382,52560,52821,53164,53548,53939,54314,54665,54983,55287,55576,55853
Grenada,"Population, male",51143,51412,51688,51966,52239,52493,52732,52947,53169,53405,53667,53965,54288,54624,54961,55289,55598,55891,56162,56426,56666
Guam,"Population, female",75896,76550,77000,77292,77485,77658,77810,77952,78095,78254,78416,78597,78815,79087,79451,79934,80538,81252,82047,82858,83643
Guam,"Population, male",79427,79845,80173,80431,80609,80748,80839,80896,80942,80978,81023,81093,81175,81328,81556,81917,82410,83029,83723,84437,85140
Guatemala,"Population, female",5902947,6049228,6191267,6328081,6463571,6598227,6731790,6864151,6995448,7125868,7255549,7386480,7516771,7647888,7779044,7909392,8039125,8168449,8297605,8425530,8552130
Guatemala,"Population, male",5686814,5822337,5956251,6087253,6218537,6350065,6481540,6612866,6743851,6874322,7004138,7135035,7265171,7396093,7527272,7658027,7788565,7918969,8049345,8178496,8306203
Guinea,"Population, female",4306936,4400834,4490274,4578296,4669211,4766168,4870609,4981776,5097790,5215735,5333703,5450929,5568785,5690062,5818608,5957128,6106627,6266010,6433224,6605171,6779558
Guinea,"Population, male",3933799,4016248,4095803,4174801,4256518,4343417,4436812,4536383,4641006,4748735,4858465,4969530,5083247,5202759,5332362,5474968,5631807,5801506,5981068,6166075,6353234
Guinea-Bissau,"Population, female",620459,634097,648621,663905,679741,695971,712541,729537,747084,765378,784555,804636,825548,847112,869094,891313,913702,936281,959059,982054,1005303
Guinea-Bissau,"Population, male",580846,593008,605833,619392,633751,648960,665041,682008,699852,718542,738048,758360,779433,801147,823339,845894,868732,891865,915245,938863,962695
Guyana,"Population, female",374624,373068,372163,371852,371948,372284,372888,373823,374966,376211,377477,378715,379930,381144,382395,383716,385101,386540,388008,389504,391010
Guyana,"Population, male",372094,372138,372626,373290,373789,373872,373447,372654,371849,371507,371953,373314,375458,378137,380976,383717,386262,388678,390999,393271,395549
Haiti,"Population, female",4296267,4369302,4442475,4515915,4589794,4664202,4739173,4814610,4890335,4966143,5041823,5117317,5192578,5267506,5342001,5415970,5489355,5562083,5634138,5705483,5776088
Haiti,"Population, male",4167535,4239508,4311673,4384193,4457288,4531087,4605611,4680726,4756235,4831903,4907495,4983003,5058344,5133166,5207006,5279570,5350621,5420284,5489045,5557596,5626445
Honduras,"Population, female",3305010,3393288,3481411,3569279,3656850,3744050,3830839,3917032,4002312,4086319,4168823,4249670,4329000,4407287,4485195,4563218,4641497,4719923,4798492,4877121,4955728
Honduras,"Population, male",3269500,3358624,3447856,3537044,3626103,3714932,3803456,3891488,3978643,4064461,4148644,4231000,4311692,4391237,4470384,4549686,4629297,4709093,4789031,4868994,4948880
"Hong Kong SAR, China","Population, female",3386423,3426269,3456918,3465906,3509015,3540102,3578263,3624088,3660041,3681158,3720452,3756506,3808024,3832276,3867733,3909083,3941508,3978989,4018506,4056162,4049102
"Hong Kong SAR, China","Population, male",3278577,3288031,3287182,3264894,3274485,3273098,3278837,3292212,3297759,3291642,3303748,3315094,3342076,3346624,3361767,3382217,3395092,3412711,3432494,3451238,3432698
Hungary,"Population, female",5353038,5343996,5331733,5319049,5309383,5300395,5293164,5285470,5276249,5267700,5255083,5239155,5210802,5194900,5179290,5165373,5148625,5133501,5125566,5121750,5109117
Hungary,"Population, male",4857933,4843580,4826875,4810503,4797763,4786670,4778206,4770310,4761939,4754950,4744940,4732572,4709560,4698182,4687178,4677655,4665398,4654465,4649998,4649391,4641032
Iceland,"Population, female",140483,142368,143616,144563,145744,147947,151293,154970,157686,158089,157818,158355,159343,161042,163018,164840,167175,171121,175696,179525,182394
Iceland,"Population, male",140722,142600,143907,144958,146330,148787,152489,156596,159728,160410,160223,160659,161373,162722,164368,165975,168264,172279,177025,181038,184069
India,"Population, female",507187684,515957249,524676537,533346647,541973982,550557711,559099816,567579951,575948779,584142641,592116982,599851346,607359892,614676458,621852998,628929060,635912563,642796257,649586703,656288184,662903415
India,"Population, male",549387864,559042845,568640650,578176499,587649484,597052213,606386475,615629520,624720983,633583576,642164181,650436593,658420351,666165661,673747770,681223332,688604687,695880522,703055580,710129572,717100970
Indonesia,"Population, female",105659995,107066152,108470613,109875997,111283965,112697081,114113394,115537042,116983222,118471487,120013721,121616719,123270656,124949892,126618711,128250415,129835522,131378183,132882052,134355806,135805760
Indonesia,"Population, male",105853827,107361267,108887177,110433476,112001701,113592387,115204868,116837197,118486533,120149067,121820505,123499269,125181058,126855422,128509365,130132842,131720864,133272786,134788497,136269761,137717861
"Iran, Islamic Rep.","Population, female",32235845,32635113,33032452,33433618,33845529,34272736,34720281,35186535,35661229,36129675,36582329,37012837,37427003,37841907,38281566,38762065,39289457,39854902,40441309,41024003,41584547
"Iran, Islamic Rep.","Population, male",33387552,33813998,34252349,34689329,35105750,35489609,35834475,36149941,36459379,36795158,37180190,37622122,38112878,38640056,39184203,39730143,40274534,40818986,41358895,41889890,42408406
Iraq,"Population, female",11645105,11993807,12348005,12696366,13023971,13322742,13582225,13811949,14047922,14339392,14719558,15204594,15778329,16401828,17018736,17588528,18097667,18558853,18989537,19417975,19864725
Iraq,"Population, male",11852484,12214371,12583917,12948137,13289867,13599537,13865899,14099293,14337817,14633765,15022419,15520711,16111683,16755233,17393213,17983741,18512965,18993936,19444067,19891814,20357778
Ireland,"Population, female",1913728,1942601,1973324,2003466,2038846,2083266,2140952,2205554,2253499,2279251,2294319,2306846,2319082,2333444,2352024,2374896,2401335,2426140,2454369,2486201,2510556
Ireland,"Population, male",1891446,1923642,1958623,1993055,2031416,2076648,2132639,2193388,2236045,2256124,2265836,2273238,2280451,2290372,2305716,2327061,2354000,2381248,2412947,2448139,2475118
Israel,"Population, female",3190138,3266030,3331871,3391731,3451315,3511856,3573824,3637320,3701864,3790320,3858472,3927993,3998134,4069967,4145229,4224621,4304840,4385803,4467882,4550763,4628474
Israel,"Population, male",3098862,3172970,3238129,3297969,3357685,3418244,3479876,3542780,3606936,3695280,3765128,3837807,3912366,3989533,4070471,4155479,4241160,4327497,4414918,4503237,4586626
Italy,"Population, female",29386547,29391908,29412462,29515905,29686364,29825093,29924053,30098000,30326738,30489592,30596015,30647051,30716752,31053693,31315785,31262660,31188515,31121471,31042688,30667514,30504672
Italy,"Population, male",27555561,27582192,27646545,27797298,27998963,28144391,28219926,28340310,28499993,28605773,28681402,28732398,28822965,29180255,29473355,29467922,29438983,29415238,29379072,29061567,28944855
Jamaica,"Population, female",1334328,1344878,1355253,1365193,1374337,1382458,1389410,1395341,1400790,1406493,1412952,1420363,1428546,1437226,1445931,1454324,1462325,1470007,1477400,1484557,1491520
Jamaica,"Population, male",1320370,1329828,1337590,1344245,1350680,1357542,1365004,1372888,1381079,1389346,1397512,1405569,1413582,1421484,1429206,1436700,1443917,1450841,1457453,1463720,1469641
Japan,"Population, female",64552936,64736064,64913526,65078804,65126621,65158465,65225372,65325526,65381234,65395181,65426533,65322325,65232461,65150796,65075452,65016722,64951468,64853783,64731350,64605360,64395674
Japan,"Population, male",62290064,62412936,62531474,62639196,62634379,62614535,62628628,62675474,62681766,62651819,62643467,62510675,62396539,62294204,62200548,62124278,62043043,61932014,61797750,61659571,61440347
Jordan,"Population, female",2467365,2515778,2565875,2623759,2697018,2791043,2906651,3042189,3197087,3369863,3558032,3762256,3978958,4196092,4397998,4573163,4717553,4833068,4921841,4988482,5037161
Jordan,"Population, male",2655130,2701550,2751639,2810277,2883223,2974596,3084896,3213101,3359386,3523395,3703509,3900602,4111005,4322900,4520824,4693410,4836733,4952772,5043481,5113215,5165979
Kazakhstan,"Population, female",7725228,7715305,7715011,7737515,7786595,7850972,7929187,8014813,8160735,8318892,8432713,8550670,8669275,8792736,8920772,9049058,9174836,9296108,9414472,9532235,9652308
Kazakhstan,"Population, male",7158398,7143030,7143937,7171504,7226389,7296057,7378898,7469379,7616203,7773930,7889159,8006532,8122815,8242815,8367513,8493748,8619219,8741668,8861980,8981438,9102132
Kenya,"Population, female",16097751,16546531,17004033,17472554,17954877,18452871,18967160,19496920,20040720,20596355,21161842,21737158,22321708,22912189,23504483,24095730,24684280,25271004,25858696,26451585,27052773
Kenya,"Population, male",15866806,16302038,16747713,17206227,17680390,18172026,18681879,19209014,19751264,20305443,20868842,21441112,22021761,22607797,23195580,23782609,24367251,24950142,25533874,26122382,26718527
Kiribati,"Population, female",42813,43558,44308,45078,45913,46836,47868,48986,50127,51246,52280,53218,54067,54867,55647,56436,57251,58066,58904,59786,60702
Kiribati,"Population, male",41592,42286,43000,43762,44585,45483,46473,47545,48633,49682,50650,51517,52292,53020,53740,54491,55278,56087,56938,57822,58744
"Korea, Dem. People's Rep.","Population, female",11751350,11853810,11956240,12056080,12149457,12233823,12308370,12374676,12435394,12494308,12554222,12615979,12678990,12742849,12806616,12869582,12931820,12993548,13054278,13113396,13170436
"Korea, Dem. People's Rep.","Population, male",11177728,11279172,11383213,11486354,11583283,11670344,11746496,11813654,11874749,11934032,11994618,12057413,12121648,12186651,12251177,12314250,12375845,12436268,12495328,12552762,12608379
"Korea, Rep.","Population, female",23422408,23603284,23739930,23863229,23959045,24012730,24144194,24273241,24465620,24598200,24725241,24917629,25048343,25160944,25318368,25452787,25556626,25632820,25749652,25845227,25886511
"Korea, Rep.","Population, male",23585703,23766880,23904806,24029101,24123474,24171831,24294098,24410397,24589088,24709635,24828871,25019009,25151510,25267949,25428291,25562160,25661177,25729091,25835406,25919595,25949728
Kuwait,"Population, female",849821,870671,880148,885993,899809,929721,977434,1039224,1111105,1186992,1262012,1335807,1408485,1476160,1534201,1579599,1610201,1627387,1636232,1644022,1656117
Kuwait,"Population, male",1195302,1232602,1256843,1275633,1300689,1340475,1396227,1464802,1544905,1634049,1729872,1832247,1940367,2050222,2156738,2255989,2346661,2428715,2501082,2563055,2614446
Kyrgyz Republic,"Population, female",2476445,2498586,2519872,2544732,2574598,2603615,2632676,2659720,2687302,2721824,2755569,2789416,2835593,2891331,2948851,3009509,3071223,3131308,3194586,3262337,3325073
Kyrgyz Republic,"Population, male",2421955,2446514,2470828,2498568,2530102,2558985,2585724,2608680,2631398,2661476,2692331,2725184,2771607,2828269,2886649,2947391,3008277,3066892,3128214,3193863,3254827
Lao PDR,"Population, female",2673778,2719911,2765743,2811705,2858273,2905736,2954578,3004654,3054823,3103528,3149737,3192854,3233528,3273473,3315124,3360147,3409178,3461499,3515875,3570428,3623762
Lao PDR,"Population, male",2649923,2689673,2727504,2764935,2803926,2845939,2891497,2940296,2991807,3045093,3099431,3154710,3210999,3267829,3324639,3381013,3436670,3491532,3545623,3599028,3651794
Latvia,"Population, female",1279608,1263600,1249488,1238005,1225082,1212351,1201645,1192192,1179981,1160844,1137044,1116580,1102797,1090922,1080377,1071036,1060500,1050132,1040870,1032613,1024547
Latvia,"Population, male",1087942,1073570,1060685,1049950,1038040,1026448,1016712,1008133,997341,980825,960511,943129,931522,921725,913405,906491,899037,892116,886304,881209,875902
Lebanon,"Population, female",1928063,1994505,2079580,2170966,2251005,2308205,2334707,2337468,2337491,2364264,2437390,2565380,2737182,2928916,3106446,3244861,3337135,3390062,3409524,3406463,3389696
Lebanon,"Population, male",1914711,1996494,2102625,2217412,2318372,2390556,2425053,2429879,2427254,2448762,2515674,2636642,2800438,2984100,3154600,3287820,3377146,3429311,3449884,3449246,3435746
Lesotho,"Population, female",1056121,1058415,1054653,1046986,1038607,1031911,1027539,1024996,1024133,1024479,1025674,1027842,1031206,1035656,1041000,1047082,1053896,1061370,1069278,1077323,1085302
Lesotho,"Population, male",976684,977323,975179,971369,967346,964204,962394,961930,962997,965656,969901,975951,983782,992872,1002448,1011929,1021145,1030162,1039049,1047944,1056950
Liberia,"Population, female",1428378,1480428,1514992,1540238,1568658,1609120,1664043,1729872,1802372,1874988,1942962,2005232,2063459,2118813,2173342,2228589,2284705,2341202,2398322,2456258,2515138
Liberia,"Population, male",1420069,1473500,1509735,1536817,1566996,1608994,1665168,1732039,1805491,1879141,1948395,2012214,2072203,2129524,2186166,2243640,2302083,2361022,2420654,2481116,2542539
Libya,"Population, female",2576914,2621982,2667872,2714484,2761608,2808935,2857017,2905616,2952780,2995928,3033419,3064110,3089182,3112114,3137853,3169825,3209343,3255123,3304807,3354834,3402550
Libya,"Population, male",2780979,2821267,2863225,2906061,2948555,2989680,3029857,3069170,3105960,3138059,3164248,3183328,3196569,3208236,3224186,3248490,3282817,3325600,3373758,3422619,3468737
Lithuania,"Population, female",1861630,1848655,1836116,1823529,1805582,1779050,1753785,1736179,1721452,1705049,1671546,1635290,1613861,1597355,1582988,1567189,1546111,1523077,1507005,1501699,1501299
Lithuania,"Population, male",1637906,1622163,1606951,1591684,1571493,1543478,1516124,1495115,1476779,1457867,1425736,1392825,1373912,1360334,1349379,1337721,1322120,1305326,1294538,1292438,1293586
Luxembourg,"Population, female",221417,223993,226302,229009,232195,235616,239195,242653,246711,250941,255121,260360,266145,271788,277680,283726,289340,295911,301174,306733,311585
Luxembourg,"Population, male",214883,217532,219873,222621,225900,229542,233442,237340,241939,246842,251832,257987,264801,271572,278639,285878,292674,300425,306776,313268,318834
"Macao SAR, China","Population, female",222872,228669,234883,241281,247552,253461,258906,263974,268923,274146,279892,286278,293154,300214,307020,313252,318789,323748,328312,332740,337242
"Macao SAR, China","Population, male",204900,209259,213930,218876,224048,229402,234898,240530,246309,252255,258323,264555,270883,277154,283190,288841,294035,298830,303321,307706,312100
Madagascar,"Population, female",7916321,8164825,8418066,8675989,8938678,9206229,9478638,9755836,10037735,10324223,10615345,10911027,11211590,11517928,11831212,12152289,12481481,12818661,13163713,13516377,13876400
Madagascar,"Population, male",7850485,8096108,8347056,8603150,8864314,9130493,9401627,9677684,9958741,10244892,10536295,10832943,11135051,11443331,11758685,12081791,12412889,12751850,13098600,13452929,13814619
Malawi,"Population, female",5645174,5793193,5939948,6088662,6244565,6411359,6589614,6777615,6974134,7177240,7385419,7598612,7817021,8039829,8266066,8495171,8726571,8960635,9198885,9443471,9695918
Malawi,"Population, male",5503577,5638808,5773715,5911521,6057272,6214591,6384079,6564193,6753765,6950921,7154190,7363506,7578989,7799458,8023484,8250134,8478682,8709558,8944330,9185278,9434037
Malaysia,"Population, female",11376247,11618585,11850200,12074668,12297492,12522563,12751205,12981865,13212119,13438288,13657901,13870044,14076071,14278481,14480879,14685798,14893934,15104343,15315852,15526625,15735185
Malaysia,"Population, male",11818005,12090530,12358191,12624153,12893155,13168052,13450749,13738502,14023884,14296750,14550127,14780918,14992118,15190442,15385727,15585167,15790718,16000312,16212181,16423164,16630813
Maldives,"Population, female",138056,140796,143696,146701,149712,152656,155510,158300,161102,163989,167029,170246,173599,177005,180346,183547,186567,189425,192177,194887,197614
Maldives,"Population, male",141340,145513,150489,155980,161553,166948,171979,176872,182346,189402,198701,210247,223632,238587,254672,271367,288938,306973,323527,336070,342928
Mali,"Population, female",5518018,5678221,5848244,6028197,6218014,6417394,6626930,6846126,7072303,7301855,7532329,7762521,7993442,8227526,8468385,8718647,8979115,9249030,9527621,9813486,10105660
Mali,"Population, male",5428430,5593382,5768646,5954495,6151064,6358115,6576448,6805329,7041275,7279572,7517023,7752072,7986050,8222328,8465828,8720125,8986333,9263399,9550134,9844537,10145174
Malta,"Population, female",196590,198014,199487,200830,202225,203553,204331,205083,206427,207914,208775,209383,210896,213461,217382,222330,227271,233468,241701,251351,256907
Malta,"Population, male",193497,195014,196482,197752,199043,200281,200977,201641,202952,204563,205733,206885,209132,212506,217176,222723,228085,234531,242929,252711,258425
Mauritania,"Population, female",1322342,1357736,1394948,1433873,1474310,1516122,1559259,1603818,1649899,1697684,1747258,1798640,1851740,1906310,1962065,2018756,2076282,2134662,2193847,2253855,2314679
Mauritania,"Population, male",1307875,1344669,1383149,1423277,1464936,1508076,1552649,1598694,1646338,1695724,1746942,1800006,1854815,1911187,1968829,2027548,2087250,2147920,2209465,2271843,2334981
Mauritius,"Population, female",598324,603367,607704,612121,615928,619540,622406,625219,627461,629116,630609,631620,633399,634864,636163,637251,638052,639078,639954,640695,641234
Mauritius,"Population, male",588549,592920,596917,601249,605075,608714,611590,614411,616660,618313,619791,620784,622483,623789,624771,625354,625421,625535,625349,625016,624506
Mexico,"Population, female",50341811,51089400,51842881,52605394,53379978,54168352,54971858,55789026,56615017,57442951,58267177,59086044,59898832,60701892,61491303,62264080,63018020,63752823,64469963,65172136,65861267
Mexico,"Population, male",48558034,49208752,49841883,50475626,51134956,51836847,52588297,53381477,54200255,55020935,55825784,56609424,57375324,58125266,58863834,59594171,60315359,61024503,61720819,62403393,63071486
"Micronesia, Fed. Sts.","Population, female",53036,52924,52813,52685,52478,52196,51808,51367,50952,50694,50675,50937,51446,52122,52855,53543,54189,54793,55368,55944,56541
"Micronesia, Fed. Sts.","Population, male",54369,54246,54214,54217,54146,53939,53566,53075,52597,52277,52241,52511,53060,53800,54589,55343,56026,56668,57272,57867,58480
Moldova,"Population, female",1524389,1520794,1517256,1512991,1509076,1504922,1499884,1495247,1491117,1488079,1485760,1484449,1484136,1483913,1483413,1472334,1456244,1432683,1409234,1387708,1365483
Moldova,"Population, male",1399394,1396458,1393248,1389329,1386071,1383189,1380211,1378182,1376847,1376267,1375727,1375384,1375322,1374779,1373537,1362196,1345926,1322475,1298980,1277266,1255012
Mongolia,"Population, female",1201814,1212723,1224994,1238626,1253482,1269509,1286645,1305021,1324955,1346849,1370942,1397297,1425659,1455446,1485885,1516358,1546658,1576728,1606333,1635234,1663253
Mongolia,"Population, male",1195603,1206871,1218267,1230139,1242912,1256920,1272209,1288798,1306944,1326945,1348960,1373060,1399039,1426337,1454226,1482075,1509700,1537060,1563881,1589932,1615039
Montenegro,"Population, female",305790,307372,308975,310540,311330,311898,312227,312480,312769,313181,313545,313736,313920,314182,314468,314622,314666,314683,314592,314469,314084
Montenegro,"Population, male",299160,300017,300853,301727,302023,302363,302798,303395,304200,305113,305883,306343,306681,307025,307342,307537,307637,307690,307635,307559,307222
Morocco,"Population, female",14524941,14702639,14877638,15052206,15229100,15410459,15597111,15789074,15986463,16189074,16396565,16609017,16826156,17046813,17269399,17492569,17715791,17938664,18160047,18378703,18593671
Morocco,"Population, male",14268731,14423684,14577127,14730678,14886096,15045104,15207578,15374596,15550344,15740013,15946819,16172843,16415742,16668892,16922959,17171039,17410483,17642593,17869042,18093063,18316887
Mozambique,"Population, female",9242786,9500555,9774105,10059816,10351803,10645921,10941733,11241381,11546279,11858644,12180274,12511359,12852030,13204033,13569528,13949963,14346169,14757711,15183127,15620192,16067200
Mozambique,"Population, male",8469139,8721329,8990042,9271281,9558746,9848006,10138375,10431938,10730317,11036074,11351293,11676141,12010643,12356719,12716664,13092038,13483761,13891296,14312882,14745851,15188235
Myanmar,"Population, female",24089960,24361274,24614137,24849529,25069955,25277966,25472149,25653374,25829264,26009931,26202319,26410740,26632792,26860456,27081937,27289147,27478828,27654918,27825150,28000756,28189604
Myanmar,"Population, male",22629738,22863845,23088026,23299378,23494534,23671965,23828900,23968105,24100378,24240435,24398508,24579872,24780911,24992008,25198879,25391577,25566371,25727603,25883168,26044666,26220190
Namibia,"Population, female",929285,944378,958790,973006,987688,1003312,1020109,1037962,1056630,1075691,1094862,1114054,1133400,1153085,1173378,1194451,1216363,1238996,1262189,1285662,1309233
Namibia,"Population, male",865298,879289,892729,906107,920049,935004,951209,968554,986752,1005348,1024015,1042644,1061377,1080421,1100048,1120450,1141681,1163627,1186111,1208862,1231683
Nepal,"Population, female",12021350,12243832,12443825,12625173,12794317,12956564,13112894,13263376,13411546,13561500,13716597,13877399,14044548,14221340,14411527,14617070,14839974,15077724,15322093,15561762,15788373
Nepal,"Population, male",11919749,12103281,12281800,12455707,12625020,12787936,12953793,13119210,13255035,13322031,13296610,13163821,12944612,12695455,12494455,12397963,12423456,12554958,12773619,13046953,13348435
Netherlands,"Population, female",8037107,8096932,8147243,8183862,8210231,8227240,8238158,8253655,8283398,8323801,8364526,8401899,8431597,8455043,8483667,8518825,8560955,8607750,8653884,8706652,8751584
Netherlands,"Population, male",7888406,7949248,8001686,8041440,8071548,8092628,8107943,8128041,8162195,8206587,8250868,8291175,8323365,8349389,8381341,8421098,8469359,8523546,8577740,8638222,8689916
New Caledonia,"Population, female",105438,107616,109755,111673,113395,115145,116905,118671,120440,122036,123920,126179,128449,130720,132886,133218,133590,133988,134408,134837,135263
New Caledonia,"Population, male",107792,109708,111735,113623,115355,117105,118845,120579,122310,123914,125830,128171,130551,132930,135164,135482,135760,136012,136242,136463,136697
New Zealand,"Population, female",1964351,1977307,2013084,2054023,2085205,2108864,2134243,2153318,2170490,2191061,2214443,2230453,2241928,2258608,2295996,2342960,2396121,2446845,2491356,2531675,2585329
New Zealand,"Population, male",1893349,1903193,1935416,1973177,2002295,2025036,2050357,2070482,2089310,2111539,2136257,2153547,2166172,2183492,2220504,2266440,2317979,2366755,2409244,2447625,2498971
Nicaragua,"Population, female",2561997,2601423,2639908,2677899,2715975,2754553,2793837,2833769,2874141,2914633,2954978,2995158,3035243,3075329,3115567,3156054,3196840,3237844,3278831,3319519,3359705
Nicaragua,"Population, male",2507313,2543944,2579416,2614216,2648955,2684139,2719920,2756297,2793295,2830905,2869080,2907877,2947287,2987133,3027167,3067180,3107130,3146999,3186671,3225984,3264849
Niger,"Population, female",5718338,5923618,6138148,6362294,6596448,6841020,7096222,7362489,7640715,7931954,8237013,8556418,8890161,9237798,9598588,9972036,10358188,10757444,11170022,11596258,12036471
Niger,"Population, male",5613223,5827746,6051840,6285689,6529466,6783454,7047747,7322915,7610198,7911177,8227012,8558352,8905048,9266489,9641594,10029627,10430601,10844944,11272809,11714461,12170165
Nigeria,"Population, female",60635479,62157695,63724089,65339999,67011754,68744169,70539247,72396969,74317325,76299389,78342012,80445630,82609445,84829345,87099897,89416890,91778862,94185842,96636957,99131729,101669950
Nigeria,"Population, male",61648374,63236351,64871990,66560635,68308666,70120845,71999058,73943002,75952297,78025550,80161191,82359450,84619358,86936474,89305034,91720564,94181382,96687405,99237728,101831874,104469637
North Macedonia,"Population, female",1011253,1015982,1009145,1012972,1016305,1018796,1020690,1022455,1024121,1025922,1027942,1029501,1030484,1031694,1033175,1034384,1035443,1036467,1037412,1037773,1035827
North Macedonia,"Population, male",1015097,1018900,1011012,1013801,1016239,1018059,1019538,1021104,1022777,1024749,1027062,1029038,1030560,1032338,1034296,1035842,1037047,1038035,1038805,1038921,1036704
Norway,"Population, female",2266121,2277264,2289408,2302579,2315385,2329544,2345801,2366849,2392635,2418878,2445123,2473069,2501872,2528608,2553889,2576388,2596542,2615346,2630707,2646723,2660602
Norway,"Population, male",2224846,2236487,2248751,2262276,2276525,2293747,2314876,2342304,2375577,2409848,2444129,2480019,2516701,2551015,2583343,2612219,2637977,2661622,2681209,2701173,2718873
Oman,"Population, female",994726,1014040,1033599,1053129,1072245,1090903,1108494,1125769,1145584,1171774,1206887,1252026,1305847,1365279,1425908,1484395,1539787,1592566,1642702,1690544,1736392
Oman,"Population, male",1273247,1280919,1301261,1333035,1373279,1420351,1472259,1531393,1605372,1704412,1834548,1999076,2192184,2399526,2601347,2782946,2939430,3073360,3186774,3284448,3370230
Pakistan,"Population, female",68869890,70641890,72381875,74108539,75850289,77627779,79446945,81301352,83184598,85085873,86997654,88917077,90847991,92797250,94774652,96786262,98833941,100912342,103011525,105117736,107220324
Pakistan,"Population, male",73473693,75336518,77167820,78984832,80814409,82676228,84575681,86506754,88464386,90439737,92426989,94423091,96432134,98463549,100530360,102640691,104797415,106993868,109216763,111447581,113672007
Panama,"Population, female",1503303,1533084,1563013,1593119,1623489,1654192,1685239,1716603,1748284,1780242,1812455,1844847,1877451,1910409,1943936,1978158,2013130,2048694,2084482,2120006,2154888
Panama,"Population, male",1527030,1556557,1586182,1615937,1645867,1676030,1706434,1737068,1767920,1798973,1830236,1861632,1893184,1925038,1957375,1990332,2023943,2058070,2092386,2126434,2159880
Papua New Guinea,"Population, female",2875183,2937346,2997942,3058879,3122848,3191689,3266209,3345527,3427754,3510130,3590688,3668765,3745032,3820350,3896120,3973383,4052305,4132522,4213891,4296108,4378955
Papua New Guinea,"Population, male",2972407,3037281,3100679,3164499,3231399,3303213,3380682,3462976,3548446,3634644,3719824,3803431,3885971,3968038,4050613,4134389,4219461,4305516,4392433,4480011,4568072
Paraguay,"Population, female",2622196,2673716,2724462,2773955,2821589,2866969,2909899,2950679,2990188,3029658,3069988,3111467,3153912,3197206,3241014,3285105,3329476,3374176,3419020,3463751,3508170
Paraguay,"Population, male",2701006,2754726,2807496,2859028,2908967,2957126,3003313,3047751,3091108,3134312,3178029,3222514,3267598,3313067,3358510,3403641,3448402,3492882,3537049,3580888,3624360
Peru,"Population, female",13269175,13438634,13589979,13726371,13852761,13973343,14089686,14202697,14315467,14431447,14553781,14681706,14816488,14965316,15137234,15337374,15570375,15831044,16102678,16362221,16593240
Peru,"Population, male",13190769,13360655,13510985,13645846,13771465,13892797,14012369,14130353,14246854,14361216,14473899,14582608,14690302,14808670,14953138,15133365,15355661,15613255,15886587,16148241,16378606
Philippines,"Population, female",38710923,39568586,40436783,41300381,42139061,42939599,43693432,44408074,45105958,45818894,46569078,47365188,48198297,49051547,49899689,50724446,51520471,52293623,53050171,53800550,54552260
Philippines,"Population, male",39280834,40104283,40928477,41751589,42571483,43386652,44195243,44997408,45796009,46595267,47397706,48204861,49014342,49820011,50613448,51388760,52143341,52879298,53601223,54316072,55028825
Poland,"Population, female",19685143,19689207,19690252,19687411,19686106,19686977,19683468,19681019,19690101,19706577,19649359,19654134,19644188,19620509,19595127,19574714,19563116,19565914,19568657,19567280,19535766
Poland,"Population, male",18573486,18558869,18540112,18517159,18496116,18478468,18457799,18439541,18435658,18445026,18393435,18409121,18418976,18419687,18416608,18411698,18406971,18408912,18406093,18398195,18363304
Portugal,"Population, female",5327655,5361701,5386616,5402824,5414012,5425860,5441374,5461138,5480493,5498231,5513209,5517359,5507126,5488215,5468262,5452971,5440467,5429333,5420804,5421171,5425560
Portugal,"Population, male",4962243,5001021,5033015,5055997,5069849,5077470,5080914,5081826,5077684,5070016,5059891,5040201,5007718,4969080,4932800,4905105,4884985,4870967,4863018,4865092,4871521
Puerto Rico,"Population, female",1978965,1984298,1988079,1990485,1991720,1989165,1980474,1968156,1955704,1944356,1934347,1912488,1890356,1870160,1841666,1811763,1779794,1740556,1674917,1678215,1726686
Puerto Rico,"Population, male",1831640,1834476,1835622,1835610,1835158,1832197,1824740,1814839,1805162,1796054,1787178,1766244,1744132,1722917,1693208,1661469,1626878,1584730,1518437,1515479,1554852
Qatar,"Population, female",206134,216184,227883,241979,259402,280764,306132,335121,367134,401364,437040,474133,512271,549808,584693,615499,641459,662996,681381,698550,715925
Qatar,"Population, male",386333,398829,412989,439812,493930,584646,716572,883320,1069536,1253580,1419289,1561729,1683807,1786771,1874509,1950209,2012920,2061731,2100301,2133521,2165135
Romania,"Population, female",11463744,11313492,11115939,11043328,10988116,10928679,10873449,10723990,10556035,10475198,10416095,10363382,10311889,10266229,10221124,10169092,10110158,10053860,9998665,9949913,9893962
Romania,"Population, male",10979227,10818478,10614557,10530998,10463632,10391006,10320311,10158992,9981840,9892289,9830776,9784146,9746146,9717464,9687855,9646524,9592109,9534855,9475305,9421735,9363558
Russian Federation,"Population, female",78003730,77741908,77462311,77192724,76961036,76738888,76548836,76469027,76477539,76535797,76600057,76684367,76832143,77008973,77184758,77337012,77468057,77546480,77529365,77482723,77312158
Russian Federation,"Population, male",68593139,68234574,67844186,67455894,67106280,66779926,66500801,66336087,66264827,66249552,66249411,66276541,66369578,66498022,66634909,66759858,66874340,66950259,66948494,66923538,66791922
Rwanda,"Population, female",4057739,4207424,4306107,4371762,4434020,4514517,4616849,4732973,4859345,4989389,5118459,5246075,5374743,5506169,5642837,5786418,5937449,6094897,6256912,6420852,6584778
Rwanda,"Population, male",3875949,4023726,4120954,4185398,4246496,4325703,4426493,4540786,4665187,4793381,4920879,5047258,5174925,5305369,5440792,5582648,5731380,5886063,6045057,6206086,6367431
Samoa,"Population, female",83572,84075,84648,85279,85938,86593,87249,87907,88580,89259,89965,90703,91465,92210,92891,93473,93934,94297,94644,95089,95707
Samoa,"Population, male",90882,91319,91762,92202,92659,93129,93625,94138,94690,95294,95979,96766,97624,98502,99329,100037,100606,101061,101484,102004,102703
Sao Tome and Principe,"Population, female",71980,73254,74623,76102,77740,79534,81512,83654,85878,88090,90215,92212,94123,95965,97807,99667,101555,103476,105439,107437,109486
Sao Tome and Principe,"Population, male",70284,71506,72827,74303,75996,77938,80164,82643,85244,87787,90157,92309,94271,96111,97920,99772,101666,103610,105593,107611,109675
Saudi Arabia,"Population, female",9415348,9633879,9852692,10075877,10308767,10555254,10814704,11085954,11371436,11673941,11993977,12335152,12693016,13050172,13383388,13676743,13922113,14126063,14305421,14484997,14682559
Saudi Arabia,"Population, male",11248492,11568767,11952630,12380768,12823919,13260921,13683609,14098635,14517099,14956362,15427491,15932439,16461890,17001886,17533215,18040933,18521330,18975120,19397336,19783532,20131308
Senegal,"Population, female",4984265,5112947,5245441,5382445,5524666,5672670,5826759,5987040,6153634,6326583,6505829,6691454,6883286,7080691,7282813,7488962,7698901,7912575,8129674,8349929,8573145
Senegal,"Population, male",4813466,4923155,5038253,5159025,5285420,5417453,5555513,5700038,5851066,6008509,6172314,6342360,6518704,6701738,6891927,7089488,7294613,7506779,7724650,7946433,8170785
Serbia,"Population, female",3827725,3823814,3822601,3816326,3808712,3797949,3783018,3767040,3749981,3733876,3718022,3688222,3670074,3652210,3635214,3617485,3598916,3580264,3561304,3542820,3519865
Serbia,"Population, male",3688621,3679619,3673921,3664265,3654445,3642820,3628551,3614539,3600241,3586931,3573414,3545877,3529003,3511922,3495362,3477898,3459406,3440594,3421300,3402415,3379261
Seychelles,"Population, female",40707,40781,42081,41606,41393,41454,42089,42001,42603,42462,43453,42231,42650,43509,44277,45346,46004,46603,47079,47518,47960
Seychelles,"Population, male",40424,40421,41642,41175,41082,41404,42511,43032,44353,44836,46317,45210,45653,46440,47082,48073,48673,49240,49683,50107,50502
Sierra Leone,"Population, female",2310786,2395283,2501018,2618613,2734985,2840596,2932053,3011782,3083195,3152169,3223031,3296278,3370393,3445504,3521439,3598060,3675669,3754502,3834352,3914857,3995746
Sierra Leone,"Population, male",2273784,2358786,2464752,2582461,2699010,2805033,2897187,2977859,3050404,3120566,3192605,3266960,3342193,3418471,3495714,3573849,3653177,3733925,3815797,3898350,3981239
Singapore,"Population, female",1962216,2021689,2049959,2030062,2061744,2109667,2167069,2242873,2345804,2399863,2429972,2473739,2531841,2572741,2606984,2638421,2672718,2674905,2687287,2718092,2709673
Singapore,"Population, male",2065671,2116323,2125991,2084764,2104920,2156095,2234296,2345726,2493592,2587710,2646760,2709949,2780596,2826421,2862740,2896581,2934565,2937348,2951389,2985477,2976134
Slovak Republic,"Population, female",2772140,2768093,2768076,2767147,2767291,2768010,2768320,2769052,2771131,2774359,2776335,2779191,2783095,2785158,2786818,2788327,2790667,2793675,2796281,2799029,2800745
Slovak Republic,"Population, male",2616580,2610774,2608836,2606227,2604989,2604797,2604734,2605570,2608102,2612047,2615093,2619193,2624484,2628235,2631831,2635474,2640131,2645557,2650490,2655118,2658082
Slovenia,"Population, female",1016327,1017710,1019374,1020578,1021339,1022293,1023633,1026572,1024981,1031295,1033502,1034190,1035591,1036687,1037549,1038090,1038477,1038723,1042032,1048857,1055493
Slovenia,"Population, male",972598,974350,975156,975155,975673,978181,983235,991550,996335,1008374,1015081,1018653,1021568,1023266,1024431,1025441,1026565,1027665,1031862,1039528,1046926
Solomon Islands,"Population, female",200550,206207,212048,217999,223964,229855,235654,241414,247227,253279,259675,266474,273617,281064,288724,296556,304526,312654,320909,329239,337616
Solomon Islands,"Population, male",212115,217742,223386,229017,234585,240063,245432,250719,256139,261903,268186,275048,282449,290265,298355,306577,314912,323376,331947,340582,349262
Somalia,"Population, female",4429313,4587168,4745059,4902742,5060984,5220385,5380307,5540083,5700490,5862723,6027843,6196100,6367763,6543908,6725759,6914348,7110142,7313307,7524126,7742710,7969132
Somalia,"Population, male",4442937,4599551,4756276,4912670,5069267,5226471,5383597,5540039,5696698,5854968,6016043,6180205,6347724,6519803,6697812,6882856,7075493,7275858,7484099,7700196,7924087
South Africa,"Population, female",22796107,23103252,23397962,23686434,23976130,24273136,24579340,24895876,25226850,25576554,25947466,26341727,26757264,27186808,27620134,28049365,28471936,28888314,29297427,29698965,30092678
South Africa,"Population, male",22171606,22468020,22752951,23032769,23315480,23607459,23910124,24223890,24552622,24900459,25269501,25662032,26075395,26500317,26924050,27337004,27735713,28121437,28495093,28859302,29216012
South Sudan,"Population, female",3111537,3235250,3354862,3477844,3615808,3776074,3960634,4163182,4372701,4574031,4755873,4915971,5056517,5176380,5275534,5355171,5412867,5451281,5483166,5525584,5590715
South Sudan,"Population, male",3087859,3212541,3333363,3457821,3597546,3759857,3946773,4151962,4364231,4568227,4752499,4914724,5057131,5178650,5279348,5360486,5419653,5459493,5492758,5536530,5603014
Spain,"Population, female",20652809,20777799,21052590,21415094,21766582,22117853,22476408,22879380,23235239,23439021,23555788,23661705,23710580,23671467,23635055,23640092,23669889,23723820,23818485,23978634,24085958
Spain,"Population, male",19915055,20072613,20378968,20772551,21155313,21535302,21920911,22347423,22718867,22923925,23021109,23080992,23062475,22948578,22845827,22804740,22814173,22869416,22979269,23156203,23277461
Sri Lanka,"Population, female",9411667,9497429,9593655,9697099,9802666,9906511,10007678,10106989,10204466,10300547,10395425,10488913,10524777,10628054,10746588,10862466,10997188,11133868,11261209,11339582,11409149
Sri Lanka,"Population, male",9365939,9414298,9468821,9526937,9584487,9638477,9688299,9735055,9779518,9822961,9866313,9909583,9900223,9956946,10031412,10107534,10205812,10310132,10408791,10463418,10509851
St. Lucia,"Population, female",79857,80606,81235,81830,82481,83271,84229,85322,86462,87514,88414,89119,89669,90095,90501,90920,91373,91838,92310,92774,93207
St. Lucia,"Population, male",76880,77578,78157,78700,79340,80137,81149,82322,83549,84709,85678,86419,86985,87410,87806,88211,88655,89117,89580,90021,90422
St. Vincent and the Grenadines,"Population, female",53487,53506,53589,53679,53747,53745,53664,53536,53387,53240,53158,53138,53176,53265,53399,53554,53758,53985,54233,54496,54729
St. Vincent and the Grenadines,"Population, male",54300,54387,54506,54643,54773,54872,54938,54980,55014,55053,55102,55177,55259,55359,55469,55581,55709,55841,55977,56097,56218
Sudan,"Population, female",13597786,13943262,14306620,14682016,15060068,15434309,15803459,16171077,16541366,16920405,17312732,17719718,18140461,18574540,19020771,19478321,19947203,20427932,20920586,21425281,21941974
Sudan,"Population, male",13677233,14027815,14398166,14778501,15154121,15515205,15858365,16189542,16519478,16863374,17232282,17629958,18053320,18498015,18956886,19424627,19900230,20385466,20880946,21387956,21907295
Suriname,"Population, female",233059,235987,238872,241751,244623,247540,250494,253479,256505,259553,262604,265677,268755,271823,274853,277821,280733,283583,286364,289108,291812
Suriname,"Population, male",237885,240587,243356,246187,249057,251921,254798,257702,260617,263560,266522,269500,272492,275472,278425,281315,284150,286918,289623,292255,294822
Sweden,"Population, female",4484561,4494970,4507624,4522038,4537041,4551972,4573942,4603910,4635640,4671033,4706949,4738799,4770395,4807653,4852495,4901217,4960573,5025514,5082090,5131863,5167175
Sweden,"Population, male",4387548,4400990,4417334,4436191,4456490,4477600,4506563,4544182,4583997,4627482,4671177,4710414,4748979,4792726,4843615,4897969,4962512,5032184,5093124,5147024,5186267
Switzerland,"Population, female",3674151,3696880,3724183,3750766,3774846,3796494,3816924,3846987,3891454,3935497,3971919,4011709,4050081,4092758,4139234,4183323,4226492,4263869,4293531,4322594,4351871
Switzerland,"Population, male",3510099,3532974,3560570,3588235,3614779,3640621,3667010,3704130,3756221,3808334,3852990,3900689,3946780,3996588,4049415,4099073,4146846,4187971,4220798,4252686,4284690
Syrian Arab Republic,"Population, female",8109037,8269362,8404990,8545955,8733895,8992895,9347043,9772452,10187741,10481159,10577491,10449087,10134980,9709439,9280573,8931433,8675964,8503336,8441049,8515582,8740592
Syrian Arab Republic,"Population, male",8301810,8497193,8679638,8869259,9093932,9368283,9712214,10105805,10476296,10724714,10785050,10632727,10303881,9869027,9430138,9065978,8789603,8592333,8504013,8554550,8760065
Tajikistan,"Population, female",3102606,3151363,3203159,3258005,3315715,3376232,3439626,3506200,3576388,3650719,3729559,3812811,3900294,3992093,4088264,4188683,4293442,4401952,4512549,4623070,4731904
Tajikistan,"Population, male",3113723,3167147,3223702,3283545,3346676,3413086,3482964,3556467,3633536,3714033,3797838,3884696,3974544,4067689,4164564,4265336,4370133,4478318,4588298,4697953,4805738
Tanzania,"Population, female",16838006,17283163,17758831,18260492,18780108,19312186,19856009,20415193,20993496,21596200,22227068,22887321,23575682,24290238,25027953,25786500,26565525,27365425,28185448,29024840,29883105
Tanzania,"Population, male",16661171,17102686,17575959,18077286,18599658,19138137,19692657,20266223,20860448,21477630,22119464,22786199,23477351,24192894,24932610,25696138,26483706,27294920,28127996,28980621,29851108
Thailand,"Population, female",31858179,32187719,32484850,32754202,33004501,33242497,33468091,33679474,33880021,34073804,34263753,34451327,34636105,34816557,34990213,35155051,35310912,35457991,35595069,35720735,35833918
Thailand,"Population, male",31094460,31351471,31584243,31795665,31990802,32173692,32344449,32502590,32650959,32793030,32931279,33067052,33199864,33327962,33448535,33559468,33660401,33751826,33833385,33904846,33966060
Timor-Leste,"Population, female",437591,445912,456577,468719,481020,492521,503018,512801,522113,531343,540775,550445,560232,570259,580675,591555,602951,614851,627121,639613,652200
Timor-Leste,"Population, male",446775,455302,466122,478391,490869,502609,513419,523587,533315,542943,552742,562709,572770,583029,593658,604739,616338,628409,640854,653507,666242
Togo,"Population, female",2492569,2561204,2628235,2694959,2763371,2834944,2909941,2987877,3068509,3151362,3236041,3322594,3411071,3501143,3592387,3684504,3777354,3871015,3965694,4061713,4159333
Togo,"Population, male",2431837,2501367,2568805,2635670,2704399,2776699,2852940,2932483,3014908,3099478,3185633,3273345,3362736,3453578,3545610,3638658,3732598,3827461,3923401,4020646,4119404
Tonga,"Population, female",48100,48447,48871,49327,49791,50256,50722,51170,51561,51807,51851,51659,51287,50843,50505,50407,50589,51005,51586,52211,52793
Tonga,"Population, male",49862,50035,50152,50264,50423,50652,50992,51407,51823,52090,52130,51899,51449,50925,50518,50373,50554,50997,51613,52286,52904
Trinidad and Tobago,"Population, female",636416,639007,642242,645905,649650,653253,656627,659859,663099,666555,670386,674629,679168,683835,688380,692615,696476,699979,703139,705987,708544
Trinidad and Tobago,"Population, male",630743,632620,634968,637659,640465,643244,645925,648591,651350,654366,657758,661551,665646,669873,673957,677717,681087,684081,686702,688982,690947
Tunisia,"Population, female",4819179,4867308,4912232,4955877,5000690,5048475,5100084,5155243,5213159,5272483,5332212,5392038,5452270,5513159,5575111,5638325,5702821,5768086,5833159,5896741,5957866
Tunisia,"Population, male",4889168,4926607,4959029,4989405,5021588,5058303,5101127,5149486,5201266,5253208,5303033,5349834,5394723,5439790,5488084,5541626,5601121,5665352,5732044,5797980,5860752
Turkey,"Population, female",32096148,32583788,33071044,33553500,34025331,34483857,34924109,35351055,35783887,36248632,36762746,37330533,37942454,38584479,39235978,39879351,40514350,41138240,41728157,42255898,42702942
Turkey,"Population, male",31144048,31608455,32074313,32535902,32985599,33419604,33832700,34230799,34634725,35072774,35564246,36112721,36708592,37340975,37993284,38650062,39313518,39978211,40611933,41173709,41636125
Turkmenistan,"Population, female",2293296,2317935,2341554,2365064,2389522,2415764,2444100,2474709,2508075,2544660,2584697,2628449,2675610,2725077,2775337,2825213,2874284,2922583,2969961,3016406,3061877
Turkmenistan,"Population, male",2222832,2246152,2268464,2290688,2313874,2338888,2366014,2395433,2427690,2463293,2502514,2545627,2592296,2641299,2690987,2740070,2788087,2835084,2880941,2925688,2969310
Uganda,"Population, female",12007349,12381575,12772573,13180488,13604894,14045554,14503938,14981114,15476024,15986976,16513345,17051388,17602608,18177539,18790443,19449739,20161759,20918416,21696127,22462421,23194411
Uganda,"Population, male",11642810,12007399,12394688,12800059,13216406,13639036,14067537,14505221,14955710,15424120,15914819,16425384,16956092,17516980,18121087,18775708,19487414,20248172,21032905,21807166,22546589
Ukraine,"Population, female",26285302,26023292,25790793,25597212,25421045,25255618,25109112,24985661,24875673,24784957,24697619,24609941,24541510,24472263,24340622,24264557,24174765,24074287,23956826,23825336,23685780
Ukraine,"Population, male",22891198,22639108,22411677,22215737,22030581,21849553,21678674,21523694,21382516,21268374,21173122,21096145,21051832,21017385,20931533,20889479,20829908,20756848,20665692,20560867,20448913
United Arab Emirates,"Population, female",1016932,1063983,1113817,1173726,1253344,1358723,1492804,1651188,1823380,1994691,2154032,2298030,2428283,2544751,2648905,2742042,2823141,2891724,2950609,3003720,3054051
United Arab Emirates,"Population, male",2117135,2238739,2364952,2538205,2815233,3229499,3807368,4517658,5266106,5922677,6395966,6648748,6713315,6653157,6565277,6520854,6537834,6595482,6680357,6766806,6836349
United Kingdom,"Population, female",30195954,30288314,30388688,30500243,30644479,30828271,31031764,31253394,31481382,31701785,31931743,32161519,32364469,32560344,32780144,33021393,33254646,33464674,33652378,33827559,34004276
United Kingdom,"Population, male",28696560,28831359,28981791,29147334,29343426,29572935,29815056,30069069,30325613,30574485,30834622,31097291,31335746,31567929,31822154,32094826,32356947,32594185,32807966,33008768,33211017
United States,"Population, female",143178430,144541124,145830133,147035365,148355637,149690393,151111214,152533798,153964934,155298019,156560332,157660006,158770009,159819809,160946434,162095782,163245938,164262696,165118706,165867325,167468430
United States,"Population, male",138983981,140427831,141795060,143072568,144449661,145826206,147268698,148697409,150129032,151473510,152766811,153923475,155107653,156240138,157439895,158643212,159825817,160859432,161719493,162462628,164032650
Uruguay,"Population, female",1713076,1716910,1718306,1718279,1718302,1719395,1721948,1725707,1730363,1735393,1740387,1745315,1750324,1755455,1760783,1766341,1772136,1778065,1784026,1789842,1795391
Uruguay,"Population, male",1606658,1608561,1607740,1605382,1603184,1602404,1603455,1606046,1609858,1614283,1618886,1623611,1628651,1633981,1639656,1645672,1652003,1658580,1665264,1671889,1678336
Uzbekistan,"Population, female",12392841,12553356,12710787,12862154,13013224,13166133,13327015,13515988,13731555,13961440,14357068,14743327,14957457,15188192,15441602,15708087,15978186,16243957,16523318,16831656,17154565
Uzbekistan,"Population, male",12257559,12411094,12561063,12705496,12851126,13000867,13161235,13352012,13571245,13805960,14205332,14596073,14817043,15055008,15316098,15590813,15869714,16144643,16432782,16748694,17077485
Vanuatu,"Population, female",90360,92483,94826,97334,99915,102520,105118,107736,110427,113262,116283,119503,122893,126409,129980,133555,137121,140686,144256,147844,151460
Vanuatu,"Population, male",94604,96726,99101,101626,104208,106762,109261,111728,114273,116982,119933,123155,126612,130228,133908,137573,141205,144813,148419,152038,155690
"Venezuela, RB","Population, female",12052838,12284824,12517096,12748443,12977216,13202089,13418808,13626270,13829691,14036614,14250186,14482251,14726158,14945203,15089558,15128613,15040542,14849444,14626489,14470601,14451011
"Venezuela, RB","Population, male",12139611,12361647,12583311,12803181,13019378,13230356,13431382,13621331,13806136,13994396,14189756,14405622,14634669,14835843,14953415,14953214,14810707,14553036,14260628,14045228,13984932
Vietnam,"Population, female",40339929,40761946,41163645,41550237,41927658,42301134,42672673,43044661,43422822,43813576,44221289,44648193,45092770,45550533,46014709,46479616,46944163,47407628,47865095,48310756,48740329
Vietnam,"Population, male",39570482,39980554,40370761,40751413,41135161,41531528,41944872,42374927,42820602,43278674,43746366,44223191,44709156,45202060,45699141,46197466,46696272,47193015,47680864,48151352,48598254
Virgin Islands (U.S.),"Population, female",56183,56125,56079,56054,56029,56052,56074,56162,56309,56431,56503,56537,56534,56491,56434,56384,56309,56224,56108,55972,55802
Virgin Islands (U.S.),"Population, male",52459,52424,52430,52451,52437,52401,52295,52175,52088,51973,51854,51753,51654,51550,51448,51328,51207,51057,50893,50697,50488
West Bank and Gaza,"Population, female",1438612,1475654,1513633,1552632,1592742,1634050,1676614,1720422,1768891,1817125,1865191,1912960,1960670,2008167,2055699,2103363,2151335,2194861,2251538,2309133,2367491
West Bank and Gaza,"Population, male",1483541,1522130,1561740,1602337,1643884,1686346,1729720,1774074,1823086,1871974,1920970,1970026,2019328,2068541,2117699,2166729,2215753,2259944,2317549,2376173,2435778
"Yemen, Rep.","Population, female",8626157,8882752,9145682,9415229,9691050,9972934,10261091,10556029,10857975,11167099,11483269,11806655,12136525,12470750,12806509,13141685,13475302,13807512,14138669,14469638,14800983
"Yemen, Rep.","Population, male",8782914,9035617,9298002,9569772,9849046,10134482,10426557,10726485,11034174,11349365,11671585,12000931,12336651,12676362,13016979,13356196,13692908,14027299,14360014,14692284,15024985
Zambia,"Population, female",5251908,5394084,5538432,5685882,5837791,5995319,6158454,6327444,6503983,6690201,6887474,7096729,7317296,7547003,7782731,8022199,8264686,8510848,8761437,9017820,9280950
Zambia,"Population, male",5164034,5298113,5433272,5570858,5712850,5860925,6015064,6175514,6344548,6524941,6718512,6926470,7147852,7379548,7617062,7857171,8098763,8342760,8590277,8843214,9103006
Zimbabwe,"Population, female",6067179,6111887,6154635,6197522,6242964,6293011,6347986,6408522,6477094,6556601,6648704,6755208,6874616,7001157,7126795,7245864,7356132,7459545,7559693,7662120,7770917
Zimbabwe,"Population, male",5814303,5812019,5799658,5784697,5776947,5783686,5807510,5847398,5902459,5970363,6049024,6139115,6240533,6349221,6459915,6568778,6674206,6777054,6879119,6983353,7092010
